model,test_file,feature,importance
rf_per_bssid,RogueAP_23.csv,fixed_beacon_present_ratio,0.09859705303422628
rf_per_bssid,RogueAP_23.csv,cap_ess_present_ratio,0.09463274241481659
rf_per_bssid,RogueAP_23.csv,cap_ess_ratio,0.08938011933524814
rf_per_bssid,RogueAP_23.csv,ssid_nunique,0.08169219023286096
rf_per_bssid,RogueAP_23.csv,fixed_beacon_ratio,0.07524146106916726
rf_per_bssid,RogueAP_23.csv,ssid_present_ratio,0.0706057184433803
rf_per_bssid,RogueAP_23.csv,tag_length_present_ratio,0.06444663386405877
rf_per_bssid,RogueAP_23.csv,cap_ibss_present_ratio,0.06226407677649554
rf_per_bssid,RogueAP_23.csv,fc_type_nunique,0.03769819106404303
rf_per_bssid,RogueAP_23.csv,fc_type_0_ratio,0.03439047773395515
rf_per_bssid,RogueAP_23.csv,radiotap_datarate_range,0.01953185860970022
rf_per_bssid,RogueAP_23.csv,radio_data_rate_min,0.018646803292353287
rf_per_bssid,RogueAP_23.csv,radiotap_signal_dbm_range,0.018345122353340088
rf_per_bssid,RogueAP_23.csv,radiotap_datarate_min,0.01798021982643225
rf_per_bssid,RogueAP_23.csv,radiotap_datarate_mean,0.017913682541207086
rf_per_bssid,RogueAP_23.csv,radiotap_signal_dbm_mean,0.015446266607829676
rf_per_bssid,RogueAP_23.csv,radiotap_signal_dbm_max,0.014521016025291296
rf_per_bssid,RogueAP_23.csv,radiotap_datarate_std,0.013665517189307698
rf_per_bssid,RogueAP_23.csv,radiotap_signal_dbm_min,0.011999688726548332
rf_per_bssid,RogueAP_23.csv,radiotap_signal_dbm_p25,0.01199549024643607
rf_per_bssid,RogueAP_23.csv,radiotap_signal_dbm_p50,0.010979238462678259
rf_per_bssid,RogueAP_23.csv,radiotap_signal_dbm_p75,0.010296050148748744
rf_per_bssid,RogueAP_23.csv,radiotap_signal_dbm_std,0.008921525269662403
rf_per_bssid,RogueAP_23.csv,fc_type_1_ratio,0.006990436004089969
rf_per_bssid,RogueAP_23.csv,wlan_duration_min,0.0062020794964867685
xgb_per_bssid,RogueAP_23.csv,fixed_beacon_ratio,0.40063759684562683
xgb_per_bssid,RogueAP_23.csv,fixed_beacon_present_ratio,0.20680055022239685
xgb_per_bssid,RogueAP_23.csv,radiotap_signal_dbm_std,0.03627130016684532
xgb_per_bssid,RogueAP_23.csv,radiotap_signal_dbm_max,0.03575914353132248
xgb_per_bssid,RogueAP_23.csv,cap_ess_present_ratio,0.026298806071281433
xgb_per_bssid,RogueAP_23.csv,fc_subtype_0_ratio,0.012030603364109993
xgb_per_bssid,RogueAP_23.csv,cap_ess_ratio,0.01095021516084671
xgb_per_bssid,RogueAP_23.csv,radiotap_signal_dbm_mean,0.010487640276551247
xgb_per_bssid,RogueAP_23.csv,seq_present_ratio,0.009695738554000854
xgb_per_bssid,RogueAP_23.csv,fc_subtype_11_ratio,0.008779640309512615
xgb_per_bssid,RogueAP_23.csv,fc_ds_00000000_ratio,0.008057666942477226
xgb_per_bssid,RogueAP_23.csv,fc_type_2_ratio,0.007658500224351883
xgb_per_bssid,RogueAP_23.csv,radiotap_signal_dbm_p25,0.00745583139359951
xgb_per_bssid,RogueAP_23.csv,frame_len_std,0.0074267154559493065
xgb_per_bssid,RogueAP_23.csv,fc_type_nunique,0.006787500809878111
xgb_per_bssid,RogueAP_23.csv,radio_data_rate_max,0.00672400975599885
xgb_per_bssid,RogueAP_23.csv,frame_len_max,0.006122603081166744
xgb_per_bssid,RogueAP_23.csv,ip_proto_present_ratio,0.0060412101447582245
xgb_per_bssid,RogueAP_23.csv,frame_len_p50,0.005929180420935154
xgb_per_bssid,RogueAP_23.csv,fc_type_1_ratio,0.00582992285490036
xgb_per_bssid,RogueAP_23.csv,iat_mean,0.0057923379354178905
xgb_per_bssid,RogueAP_23.csv,radiotap_datarate_mean,0.005233717150986195
xgb_per_bssid,RogueAP_23.csv,fc_subtype_8_ratio,0.005181048531085253
xgb_per_bssid,RogueAP_23.csv,moredata_ratio,0.00516253337264061
xgb_per_bssid,RogueAP_23.csv,radiotap_datarate_std,0.0051594809629023075
rf_per_bssid,RogueAP_24.csv,cap_ess_present_ratio,0.09584168534140872
rf_per_bssid,RogueAP_24.csv,fixed_beacon_present_ratio,0.090309147844803
rf_per_bssid,RogueAP_24.csv,cap_ess_ratio,0.08892171358252288
rf_per_bssid,RogueAP_24.csv,ssid_nunique,0.07946903049199833
rf_per_bssid,RogueAP_24.csv,fixed_beacon_ratio,0.07813391307256881
rf_per_bssid,RogueAP_24.csv,ssid_present_ratio,0.07332322210911306
rf_per_bssid,RogueAP_24.csv,cap_ibss_present_ratio,0.058137478033395334
rf_per_bssid,RogueAP_24.csv,tag_length_present_ratio,0.05393512222039209
rf_per_bssid,RogueAP_24.csv,fc_type_nunique,0.041660024962086914
rf_per_bssid,RogueAP_24.csv,fc_type_0_ratio,0.04051189441604411
rf_per_bssid,RogueAP_24.csv,radiotap_datarate_range,0.021047020464307398
rf_per_bssid,RogueAP_24.csv,radiotap_signal_dbm_range,0.020504573361711353
rf_per_bssid,RogueAP_24.csv,radiotap_datarate_mean,0.018933352340471388
rf_per_bssid,RogueAP_24.csv,radio_data_rate_min,0.01766929291425371
rf_per_bssid,RogueAP_24.csv,radiotap_datarate_min,0.016855431522272132
rf_per_bssid,RogueAP_24.csv,radiotap_datarate_std,0.01567815817721379
rf_per_bssid,RogueAP_24.csv,radiotap_signal_dbm_max,0.015460275258100219
rf_per_bssid,RogueAP_24.csv,radiotap_signal_dbm_mean,0.015442757353245963
rf_per_bssid,RogueAP_24.csv,radiotap_signal_dbm_min,0.012569328223952207
rf_per_bssid,RogueAP_24.csv,radiotap_signal_dbm_p25,0.01246962377469279
rf_per_bssid,RogueAP_24.csv,radiotap_signal_dbm_p75,0.008936149293301113
rf_per_bssid,RogueAP_24.csv,radiotap_signal_dbm_p50,0.008903357262455773
rf_per_bssid,RogueAP_24.csv,fc_type_1_ratio,0.008578038090638245
rf_per_bssid,RogueAP_24.csv,radiotap_signal_dbm_std,0.00712741379098656
rf_per_bssid,RogueAP_24.csv,wlan_duration_min,0.006543772240336444
xgb_per_bssid,RogueAP_24.csv,fixed_beacon_ratio,0.42076191306114197
xgb_per_bssid,RogueAP_24.csv,fixed_beacon_present_ratio,0.19594372808933258
xgb_per_bssid,RogueAP_24.csv,radiotap_signal_dbm_max,0.038848042488098145
xgb_per_bssid,RogueAP_24.csv,radiotap_signal_dbm_mean,0.02769523859024048
xgb_per_bssid,RogueAP_24.csv,cap_ess_present_ratio,0.01628110185265541
xgb_per_bssid,RogueAP_24.csv,tag_length_present_ratio,0.01215825043618679
xgb_per_bssid,RogueAP_24.csv,beacon_ratio,0.011950882151722908
xgb_per_bssid,RogueAP_24.csv,cap_ess_ratio,0.010594944469630718
xgb_per_bssid,RogueAP_24.csv,seq_present_ratio,0.010469104163348675
xgb_per_bssid,RogueAP_24.csv,fc_subtype_11_ratio,0.009839287027716637
xgb_per_bssid,RogueAP_24.csv,fc_type_1_ratio,0.009675675071775913
xgb_per_bssid,RogueAP_24.csv,fc_subtype_0_ratio,0.008907984010875225
xgb_per_bssid,RogueAP_24.csv,fc_type_nunique,0.008208946324884892
xgb_per_bssid,RogueAP_24.csv,radiotap_signal_dbm_p25,0.006915489677339792
xgb_per_bssid,RogueAP_24.csv,wlan_duration_p50,0.006265310570597649
xgb_per_bssid,RogueAP_24.csv,fc_type_0_ratio,0.006198475137352943
xgb_per_bssid,RogueAP_24.csv,fc_type_2_ratio,0.006110599264502525
xgb_per_bssid,RogueAP_24.csv,iat_mean,0.005988437216728926
xgb_per_bssid,RogueAP_24.csv,radiotap_signal_dbm_range,0.0057336753234267235
xgb_per_bssid,RogueAP_24.csv,radiotap_signal_dbm_p50,0.005300356540828943
xgb_per_bssid,RogueAP_24.csv,radiotap_datarate_mean,0.0052342405542731285
xgb_per_bssid,RogueAP_24.csv,protected_ratio,0.00521690072491765
xgb_per_bssid,RogueAP_24.csv,moredata_ratio,0.005172672215849161
xgb_per_bssid,RogueAP_24.csv,frame_len_std,0.005095281172543764
xgb_per_bssid,RogueAP_24.csv,fc_subtype_8_ratio,0.0049765887670218945
rf_per_bssid,RogueAP_25.csv,cap_ess_ratio,0.09513341262122327
rf_per_bssid,RogueAP_25.csv,fixed_beacon_present_ratio,0.09473583865977167
rf_per_bssid,RogueAP_25.csv,cap_ess_present_ratio,0.08683323961905254
rf_per_bssid,RogueAP_25.csv,ssid_nunique,0.08109302506993722
rf_per_bssid,RogueAP_25.csv,fixed_beacon_ratio,0.07863255554287829
rf_per_bssid,RogueAP_25.csv,ssid_present_ratio,0.06956491558458469
rf_per_bssid,RogueAP_25.csv,tag_length_present_ratio,0.05741177517028332
rf_per_bssid,RogueAP_25.csv,cap_ibss_present_ratio,0.05312134529934348
rf_per_bssid,RogueAP_25.csv,fc_type_nunique,0.04554673342894141
rf_per_bssid,RogueAP_25.csv,fc_type_0_ratio,0.038441913633354065
rf_per_bssid,RogueAP_25.csv,radiotap_datarate_range,0.024143920848602216
rf_per_bssid,RogueAP_25.csv,radiotap_signal_dbm_range,0.019796058046415422
rf_per_bssid,RogueAP_25.csv,radiotap_datarate_min,0.019203927745534612
rf_per_bssid,RogueAP_25.csv,radio_data_rate_min,0.018317698129835084
rf_per_bssid,RogueAP_25.csv,radiotap_datarate_mean,0.01671807240662623
rf_per_bssid,RogueAP_25.csv,radiotap_datarate_std,0.01520689301167351
rf_per_bssid,RogueAP_25.csv,radiotap_signal_dbm_max,0.014184198665047625
rf_per_bssid,RogueAP_25.csv,radiotap_signal_dbm_mean,0.013835864391325321
rf_per_bssid,RogueAP_25.csv,radiotap_signal_dbm_p50,0.012843858889039043
rf_per_bssid,RogueAP_25.csv,radiotap_signal_dbm_min,0.012629862305085423
rf_per_bssid,RogueAP_25.csv,radiotap_signal_dbm_p25,0.01156390626780372
rf_per_bssid,RogueAP_25.csv,radiotap_signal_dbm_p75,0.009692424754011632
rf_per_bssid,RogueAP_25.csv,radiotap_signal_dbm_std,0.008084227371195489
rf_per_bssid,RogueAP_25.csv,fc_type_1_ratio,0.007228226790817171
rf_per_bssid,RogueAP_25.csv,wlan_duration_min,0.006742226305623765
xgb_per_bssid,RogueAP_25.csv,fixed_beacon_ratio,0.40396031737327576
xgb_per_bssid,RogueAP_25.csv,fixed_beacon_present_ratio,0.19418974220752716
xgb_per_bssid,RogueAP_25.csv,radiotap_signal_dbm_max,0.037176668643951416
xgb_per_bssid,RogueAP_25.csv,cap_ess_present_ratio,0.02747454307973385
xgb_per_bssid,RogueAP_25.csv,radiotap_signal_dbm_std,0.01934032142162323
xgb_per_bssid,RogueAP_25.csv,radiotap_signal_dbm_mean,0.01446065679192543
xgb_per_bssid,RogueAP_25.csv,fc_subtype_0_ratio,0.014040540903806686
xgb_per_bssid,RogueAP_25.csv,ssid_present_ratio,0.012212295085191727
xgb_per_bssid,RogueAP_25.csv,fc_type_1_ratio,0.01119061280041933
xgb_per_bssid,RogueAP_25.csv,radiotap_signal_dbm_range,0.011108314618468285
xgb_per_bssid,RogueAP_25.csv,fc_subtype_11_ratio,0.010999483987689018
xgb_per_bssid,RogueAP_25.csv,frame_len_std,0.008871502242982388
xgb_per_bssid,RogueAP_25.csv,moredata_ratio,0.008063027635216713
xgb_per_bssid,RogueAP_25.csv,seq_present_ratio,0.007441163994371891
xgb_per_bssid,RogueAP_25.csv,fc_type_0_ratio,0.0073805139400064945
xgb_per_bssid,RogueAP_25.csv,frame_len_range,0.007297412026673555
xgb_per_bssid,RogueAP_25.csv,fc_ds_00000000_ratio,0.007266925647854805
xgb_per_bssid,RogueAP_25.csv,fc_type_nunique,0.007204716093838215
xgb_per_bssid,RogueAP_25.csv,fc_type_2_ratio,0.007130988407880068
xgb_per_bssid,RogueAP_25.csv,radiotap_signal_dbm_p75,0.0063112773932516575
xgb_per_bssid,RogueAP_25.csv,fc_subtype_8_ratio,0.006126674823462963
xgb_per_bssid,RogueAP_25.csv,radiotap_signal_dbm_p25,0.005995755549520254
xgb_per_bssid,RogueAP_25.csv,iat_std,0.0059606838040053844
xgb_per_bssid,RogueAP_25.csv,radiotap_datarate_range,0.005589867942035198
xgb_per_bssid,RogueAP_25.csv,iat_mean,0.005540586542338133
rf_per_bssid,RogueAP_26.csv,fixed_beacon_present_ratio,0.10113686316020112
rf_per_bssid,RogueAP_26.csv,cap_ess_present_ratio,0.09699832269275989
rf_per_bssid,RogueAP_26.csv,cap_ess_ratio,0.09507334872788091
rf_per_bssid,RogueAP_26.csv,ssid_nunique,0.08262741791293839
rf_per_bssid,RogueAP_26.csv,ssid_present_ratio,0.06983946182732724
rf_per_bssid,RogueAP_26.csv,fixed_beacon_ratio,0.06854318455110467
rf_per_bssid,RogueAP_26.csv,tag_length_present_ratio,0.06177324195987563
rf_per_bssid,RogueAP_26.csv,cap_ibss_present_ratio,0.05476708472316372
rf_per_bssid,RogueAP_26.csv,fc_type_nunique,0.0365023759966512
rf_per_bssid,RogueAP_26.csv,fc_type_0_ratio,0.0361271502261525
rf_per_bssid,RogueAP_26.csv,radiotap_signal_dbm_range,0.02093327549374885
rf_per_bssid,RogueAP_26.csv,radiotap_datarate_range,0.019734065008500893
rf_per_bssid,RogueAP_26.csv,radio_data_rate_min,0.0191985972005122
rf_per_bssid,RogueAP_26.csv,radiotap_datarate_mean,0.019127290518183043
rf_per_bssid,RogueAP_26.csv,radiotap_datarate_min,0.018182376047026817
rf_per_bssid,RogueAP_26.csv,radiotap_datarate_std,0.014385023368771769
rf_per_bssid,RogueAP_26.csv,radiotap_signal_dbm_mean,0.014034576084531722
rf_per_bssid,RogueAP_26.csv,radiotap_signal_dbm_max,0.012703248270471331
rf_per_bssid,RogueAP_26.csv,radiotap_signal_dbm_p25,0.012648932377170836
rf_per_bssid,RogueAP_26.csv,radiotap_signal_dbm_p75,0.01122975664503271
rf_per_bssid,RogueAP_26.csv,radiotap_signal_dbm_p50,0.010961712650203717
rf_per_bssid,RogueAP_26.csv,radiotap_signal_dbm_min,0.010859564079406707
rf_per_bssid,RogueAP_26.csv,radiotap_signal_dbm_std,0.008355400283298899
rf_per_bssid,RogueAP_26.csv,fc_type_1_ratio,0.007720826810236813
rf_per_bssid,RogueAP_26.csv,seq_present_ratio,0.005362265953529862
xgb_per_bssid,RogueAP_26.csv,fixed_beacon_ratio,0.41198229789733887
xgb_per_bssid,RogueAP_26.csv,fixed_beacon_present_ratio,0.18948452174663544
xgb_per_bssid,RogueAP_26.csv,radiotap_signal_dbm_std,0.03021765686571598
xgb_per_bssid,RogueAP_26.csv,radiotap_signal_dbm_max,0.029178436845541
xgb_per_bssid,RogueAP_26.csv,cap_ess_present_ratio,0.024528536945581436
xgb_per_bssid,RogueAP_26.csv,fc_subtype_0_ratio,0.014820974320173264
xgb_per_bssid,RogueAP_26.csv,fc_subtype_11_ratio,0.010659296996891499
xgb_per_bssid,RogueAP_26.csv,cap_ess_ratio,0.010364008136093616
xgb_per_bssid,RogueAP_26.csv,fc_type_nunique,0.008816907182335854
xgb_per_bssid,RogueAP_26.csv,radiotap_signal_dbm_range,0.008504645898938179
xgb_per_bssid,RogueAP_26.csv,seq_present_ratio,0.00830056145787239
xgb_per_bssid,RogueAP_26.csv,radio_data_rate_max,0.008182044140994549
xgb_per_bssid,RogueAP_26.csv,radiotap_signal_dbm_mean,0.007764029782265425
xgb_per_bssid,RogueAP_26.csv,frame_len_std,0.007657293230295181
xgb_per_bssid,RogueAP_26.csv,beacon_ratio,0.007619625888764858
xgb_per_bssid,RogueAP_26.csv,radiotap_datarate_mean,0.0074846274219453335
xgb_per_bssid,RogueAP_26.csv,fc_type_1_ratio,0.0073695192113518715
xgb_per_bssid,RogueAP_26.csv,fc_type_2_ratio,0.00722249923273921
xgb_per_bssid,RogueAP_26.csv,radiotap_signal_dbm_p25,0.006693258415907621
xgb_per_bssid,RogueAP_26.csv,iat_mean,0.006247878074645996
xgb_per_bssid,RogueAP_26.csv,frame_len_max,0.006152763031423092
xgb_per_bssid,RogueAP_26.csv,fc_subtype_8_ratio,0.006029666867107153
xgb_per_bssid,RogueAP_26.csv,fc_subtype_13_ratio,0.005952672567218542
xgb_per_bssid,RogueAP_26.csv,radio_data_rate_std,0.0056524272076785564
xgb_per_bssid,RogueAP_26.csv,radiotap_datarate_std,0.00550319068133831
rf_per_bssid,RogueAP_27.csv,fixed_beacon_present_ratio,0.10124380648388899
rf_per_bssid,RogueAP_27.csv,cap_ess_ratio,0.09258500416749488
rf_per_bssid,RogueAP_27.csv,cap_ess_present_ratio,0.08824462125960732
rf_per_bssid,RogueAP_27.csv,ssid_nunique,0.08405006247186071
rf_per_bssid,RogueAP_27.csv,fixed_beacon_ratio,0.07843411067913018
rf_per_bssid,RogueAP_27.csv,ssid_present_ratio,0.07449226418099684
rf_per_bssid,RogueAP_27.csv,tag_length_present_ratio,0.05869384633791191
rf_per_bssid,RogueAP_27.csv,cap_ibss_present_ratio,0.05110133846130239
rf_per_bssid,RogueAP_27.csv,fc_type_nunique,0.043373079594422444
rf_per_bssid,RogueAP_27.csv,fc_type_0_ratio,0.0367578652988629
rf_per_bssid,RogueAP_27.csv,radiotap_datarate_range,0.02007476415848161
rf_per_bssid,RogueAP_27.csv,radiotap_datarate_mean,0.01850094406840826
rf_per_bssid,RogueAP_27.csv,radiotap_datarate_min,0.018401458429817105
rf_per_bssid,RogueAP_27.csv,radiotap_signal_dbm_range,0.017512631845364512
rf_per_bssid,RogueAP_27.csv,radio_data_rate_min,0.016523141198343354
rf_per_bssid,RogueAP_27.csv,radiotap_signal_dbm_mean,0.015749944530142685
rf_per_bssid,RogueAP_27.csv,radiotap_datarate_std,0.014066281632227633
rf_per_bssid,RogueAP_27.csv,radiotap_signal_dbm_min,0.012797250419336029
rf_per_bssid,RogueAP_27.csv,radiotap_signal_dbm_max,0.012195544425831496
rf_per_bssid,RogueAP_27.csv,radiotap_signal_dbm_p50,0.011167286559156003
rf_per_bssid,RogueAP_27.csv,radiotap_signal_dbm_p25,0.01014498832354802
rf_per_bssid,RogueAP_27.csv,fc_type_1_ratio,0.00912287875128638
rf_per_bssid,RogueAP_27.csv,radiotap_signal_dbm_p75,0.008843662280837716
rf_per_bssid,RogueAP_27.csv,radiotap_signal_dbm_std,0.008295135264400472
rf_per_bssid,RogueAP_27.csv,seq_present_ratio,0.006559688788259858
xgb_per_bssid,RogueAP_27.csv,fixed_beacon_ratio,0.3687881529331207
xgb_per_bssid,RogueAP_27.csv,fixed_beacon_present_ratio,0.20424909889698029
xgb_per_bssid,RogueAP_27.csv,cap_ess_present_ratio,0.038698967546224594
xgb_per_bssid,RogueAP_27.csv,radiotap_signal_dbm_max,0.035440508276224136
xgb_per_bssid,RogueAP_27.csv,radiotap_signal_dbm_std,0.025926847010850906
xgb_per_bssid,RogueAP_27.csv,fc_subtype_0_ratio,0.014700031839311123
xgb_per_bssid,RogueAP_27.csv,seq_present_ratio,0.013477002270519733
xgb_per_bssid,RogueAP_27.csv,fc_type_1_ratio,0.011048142798244953
xgb_per_bssid,RogueAP_27.csv,radiotap_signal_dbm_mean,0.010064567439258099
xgb_per_bssid,RogueAP_27.csv,radiotap_signal_dbm_range,0.009882360696792603
xgb_per_bssid,RogueAP_27.csv,fc_type_2_ratio,0.009759742766618729
xgb_per_bssid,RogueAP_27.csv,moredata_ratio,0.009284313768148422
xgb_per_bssid,RogueAP_27.csv,iat_std,0.008463593199849129
xgb_per_bssid,RogueAP_27.csv,fc_subtype_8_ratio,0.007779023144394159
xgb_per_bssid,RogueAP_27.csv,fc_type_0_ratio,0.007579537574201822
xgb_per_bssid,RogueAP_27.csv,fc_type_nunique,0.007215607445687056
xgb_per_bssid,RogueAP_27.csv,radio_data_rate_p75,0.007110406178981066
xgb_per_bssid,RogueAP_27.csv,wlan_duration_p25,0.006719803903251886
xgb_per_bssid,RogueAP_27.csv,iat_mean,0.00629739323630929
xgb_per_bssid,RogueAP_27.csv,radiotap_datarate_mean,0.006275388412177563
xgb_per_bssid,RogueAP_27.csv,frame_len_std,0.00613182270899415
xgb_per_bssid,RogueAP_27.csv,radiotap_signal_dbm_p25,0.005835826508700848
xgb_per_bssid,RogueAP_27.csv,radio_data_rate_mean,0.005706152878701687
xgb_per_bssid,RogueAP_27.csv,fc_subtype_11_ratio,0.005445889197289944
xgb_per_bssid,RogueAP_27.csv,frame_len_range,0.0054177818819880486
rf_per_bssid,RogueAP_28.csv,fixed_beacon_ratio,0.09420072412449737
rf_per_bssid,RogueAP_28.csv,fixed_beacon_present_ratio,0.09270962648916381
rf_per_bssid,RogueAP_28.csv,cap_ess_ratio,0.0913789961525588
rf_per_bssid,RogueAP_28.csv,cap_ess_present_ratio,0.08923975296061652
rf_per_bssid,RogueAP_28.csv,ssid_nunique,0.08049801870228807
rf_per_bssid,RogueAP_28.csv,cap_ibss_present_ratio,0.06481584552848348
rf_per_bssid,RogueAP_28.csv,ssid_present_ratio,0.06367843783151245
rf_per_bssid,RogueAP_28.csv,tag_length_present_ratio,0.05768486114365475
rf_per_bssid,RogueAP_28.csv,fc_type_0_ratio,0.038048725273905244
rf_per_bssid,RogueAP_28.csv,fc_type_nunique,0.03576563700967124
rf_per_bssid,RogueAP_28.csv,radio_data_rate_min,0.01955916771204671
rf_per_bssid,RogueAP_28.csv,radiotap_datarate_range,0.019201956492363413
rf_per_bssid,RogueAP_28.csv,radiotap_datarate_min,0.01894106332191845
rf_per_bssid,RogueAP_28.csv,radiotap_signal_dbm_range,0.01862999494459526
rf_per_bssid,RogueAP_28.csv,radiotap_datarate_mean,0.01823167574911224
rf_per_bssid,RogueAP_28.csv,radiotap_signal_dbm_mean,0.014353570714021938
rf_per_bssid,RogueAP_28.csv,radiotap_datarate_std,0.013620550547379784
rf_per_bssid,RogueAP_28.csv,radiotap_signal_dbm_max,0.0130913564139259
rf_per_bssid,RogueAP_28.csv,fc_type_1_ratio,0.011799265381156882
rf_per_bssid,RogueAP_28.csv,radiotap_signal_dbm_p50,0.011062286950707205
rf_per_bssid,RogueAP_28.csv,radiotap_signal_dbm_p25,0.010406974774257864
rf_per_bssid,RogueAP_28.csv,radiotap_signal_dbm_min,0.010406098445431208
rf_per_bssid,RogueAP_28.csv,radiotap_signal_dbm_p75,0.008484393664757438
rf_per_bssid,RogueAP_28.csv,radiotap_signal_dbm_std,0.008426982602119024
rf_per_bssid,RogueAP_28.csv,seq_present_ratio,0.007393371495794779
xgb_per_bssid,RogueAP_28.csv,fixed_beacon_ratio,0.39200395345687866
xgb_per_bssid,RogueAP_28.csv,fixed_beacon_present_ratio,0.2004058063030243
xgb_per_bssid,RogueAP_28.csv,radiotap_signal_dbm_max,0.03410637751221657
xgb_per_bssid,RogueAP_28.csv,cap_ess_present_ratio,0.02698923647403717
xgb_per_bssid,RogueAP_28.csv,radiotap_signal_dbm_std,0.020222581923007965
xgb_per_bssid,RogueAP_28.csv,fc_subtype_0_ratio,0.011212375946342945
xgb_per_bssid,RogueAP_28.csv,radiotap_signal_dbm_mean,0.010787607170641422
xgb_per_bssid,RogueAP_28.csv,radiotap_signal_dbm_range,0.010652748867869377
xgb_per_bssid,RogueAP_28.csv,cap_ess_ratio,0.010411681607365608
xgb_per_bssid,RogueAP_28.csv,fc_type_1_ratio,0.010005970485508442
xgb_per_bssid,RogueAP_28.csv,seq_present_ratio,0.009839622303843498
xgb_per_bssid,RogueAP_28.csv,fc_subtype_11_ratio,0.009087350219488144
xgb_per_bssid,RogueAP_28.csv,fc_ds_00000000_ratio,0.008887366391718388
xgb_per_bssid,RogueAP_28.csv,frame_len_std,0.008466164581477642
xgb_per_bssid,RogueAP_28.csv,fc_type_2_ratio,0.007358713075518608
xgb_per_bssid,RogueAP_28.csv,beacon_ratio,0.007174449507147074
xgb_per_bssid,RogueAP_28.csv,fc_subtype_13_ratio,0.0071084522642195225
xgb_per_bssid,RogueAP_28.csv,radiotap_signal_dbm_p25,0.0069648404605686665
xgb_per_bssid,RogueAP_28.csv,moredata_ratio,0.00662897527217865
xgb_per_bssid,RogueAP_28.csv,wlan_duration_p50,0.006318659987300634
xgb_per_bssid,RogueAP_28.csv,udp_length_present_ratio,0.0062673394568264484
xgb_per_bssid,RogueAP_28.csv,fc_type_nunique,0.006138401105999947
xgb_per_bssid,RogueAP_28.csv,radio_data_rate_p75,0.006098885089159012
xgb_per_bssid,RogueAP_28.csv,fc_subtype_8_ratio,0.00603351229801774
xgb_per_bssid,RogueAP_28.csv,frame_len_range,0.005869238171726465
rf_per_bssid,RogueAP_29.csv,fixed_beacon_present_ratio,0.09480263443889998
rf_per_bssid,RogueAP_29.csv,cap_ess_present_ratio,0.08985504962406832
rf_per_bssid,RogueAP_29.csv,cap_ess_ratio,0.08888367325732245
rf_per_bssid,RogueAP_29.csv,ssid_nunique,0.08363170335916362
rf_per_bssid,RogueAP_29.csv,ssid_present_ratio,0.08159492103500622
rf_per_bssid,RogueAP_29.csv,fixed_beacon_ratio,0.07880942038514578
rf_per_bssid,RogueAP_29.csv,cap_ibss_present_ratio,0.0568352337057973
rf_per_bssid,RogueAP_29.csv,tag_length_present_ratio,0.04886824139395573
rf_per_bssid,RogueAP_29.csv,fc_type_0_ratio,0.042094709639739276
rf_per_bssid,RogueAP_29.csv,fc_type_nunique,0.041390618592864324
rf_per_bssid,RogueAP_29.csv,radiotap_datarate_mean,0.022723989043706122
rf_per_bssid,RogueAP_29.csv,radiotap_datarate_min,0.02090093727105693
rf_per_bssid,RogueAP_29.csv,radiotap_datarate_range,0.020713964538619012
rf_per_bssid,RogueAP_29.csv,radiotap_signal_dbm_range,0.018305601773676274
rf_per_bssid,RogueAP_29.csv,radiotap_signal_dbm_mean,0.016522507606339817
rf_per_bssid,RogueAP_29.csv,radio_data_rate_min,0.01616846917196903
rf_per_bssid,RogueAP_29.csv,radiotap_signal_dbm_max,0.015688948906097615
rf_per_bssid,RogueAP_29.csv,radiotap_datarate_std,0.01500497730486656
rf_per_bssid,RogueAP_29.csv,radiotap_signal_dbm_min,0.011632538636661435
rf_per_bssid,RogueAP_29.csv,fc_type_1_ratio,0.010878693557183175
rf_per_bssid,RogueAP_29.csv,radiotap_signal_dbm_p25,0.009858450989898326
rf_per_bssid,RogueAP_29.csv,radiotap_signal_dbm_p50,0.009778234777161172
rf_per_bssid,RogueAP_29.csv,radiotap_signal_dbm_p75,0.008719116573647902
rf_per_bssid,RogueAP_29.csv,radiotap_signal_dbm_std,0.007758729065745564
rf_per_bssid,RogueAP_29.csv,wlan_duration_min,0.006194894494807718
xgb_per_bssid,RogueAP_29.csv,fixed_beacon_ratio,0.42413124442100525
xgb_per_bssid,RogueAP_29.csv,fixed_beacon_present_ratio,0.18324014544487
xgb_per_bssid,RogueAP_29.csv,radiotap_signal_dbm_max,0.031912144273519516
xgb_per_bssid,RogueAP_29.csv,radiotap_signal_dbm_std,0.02606724575161934
xgb_per_bssid,RogueAP_29.csv,cap_ess_present_ratio,0.025368373841047287
xgb_per_bssid,RogueAP_29.csv,radiotap_signal_dbm_mean,0.020696384832262993
xgb_per_bssid,RogueAP_29.csv,fc_subtype_0_ratio,0.012734298594295979
xgb_per_bssid,RogueAP_29.csv,radiotap_signal_dbm_range,0.01149183139204979
xgb_per_bssid,RogueAP_29.csv,frame_len_p50,0.009625641629099846
xgb_per_bssid,RogueAP_29.csv,seq_present_ratio,0.009127028286457062
xgb_per_bssid,RogueAP_29.csv,fc_subtype_11_ratio,0.008856873959302902
xgb_per_bssid,RogueAP_29.csv,fc_type_1_ratio,0.008522995747625828
xgb_per_bssid,RogueAP_29.csv,moredata_ratio,0.007647971622645855
xgb_per_bssid,RogueAP_29.csv,fc_type_0_ratio,0.007219209801405668
xgb_per_bssid,RogueAP_29.csv,beacon_iat_mean,0.007106268312782049
xgb_per_bssid,RogueAP_29.csv,radiotap_signal_dbm_p25,0.006765144877135754
xgb_per_bssid,RogueAP_29.csv,fc_type_2_ratio,0.005891428794711828
xgb_per_bssid,RogueAP_29.csv,wlan_duration_p50,0.00564289465546608
xgb_per_bssid,RogueAP_29.csv,fc_subtype_8_ratio,0.005406963173300028
xgb_per_bssid,RogueAP_29.csv,udp_length_present_ratio,0.005403902847319841
xgb_per_bssid,RogueAP_29.csv,frame_len_range,0.00535117881372571
xgb_per_bssid,RogueAP_29.csv,radio_signal_dbm_range,0.005028837360441685
xgb_per_bssid,RogueAP_29.csv,radio_data_rate_mean,0.004929380491375923
xgb_per_bssid,RogueAP_29.csv,radiotap_signal_dbm_p75,0.0049235764890909195
xgb_per_bssid,RogueAP_29.csv,fc_type_nunique,0.004751043859869242
rf_per_bssid,RogueAP_30.csv,fixed_beacon_present_ratio,0.10857771569176328
rf_per_bssid,RogueAP_30.csv,cap_ess_ratio,0.09777205139237843
rf_per_bssid,RogueAP_30.csv,cap_ess_present_ratio,0.09652326559856057
rf_per_bssid,RogueAP_30.csv,ssid_nunique,0.07828095844550663
rf_per_bssid,RogueAP_30.csv,fixed_beacon_ratio,0.06678243755627754
rf_per_bssid,RogueAP_30.csv,ssid_present_ratio,0.06486081372878412
rf_per_bssid,RogueAP_30.csv,cap_ibss_present_ratio,0.06373451505332417
rf_per_bssid,RogueAP_30.csv,tag_length_present_ratio,0.05474790982544187
rf_per_bssid,RogueAP_30.csv,fc_type_nunique,0.03607659424335178
rf_per_bssid,RogueAP_30.csv,fc_type_0_ratio,0.03297945496720597
rf_per_bssid,RogueAP_30.csv,radiotap_datarate_range,0.020715412407904987
rf_per_bssid,RogueAP_30.csv,radiotap_datarate_mean,0.02031237634229532
rf_per_bssid,RogueAP_30.csv,radiotap_signal_dbm_range,0.01952597185584031
rf_per_bssid,RogueAP_30.csv,radiotap_datarate_min,0.018812144660657917
rf_per_bssid,RogueAP_30.csv,radio_data_rate_min,0.017086937676842957
rf_per_bssid,RogueAP_30.csv,radiotap_signal_dbm_mean,0.01664884270527997
rf_per_bssid,RogueAP_30.csv,radiotap_datarate_std,0.015942668812363614
rf_per_bssid,RogueAP_30.csv,radiotap_signal_dbm_max,0.013423554804648167
rf_per_bssid,RogueAP_30.csv,radiotap_signal_dbm_min,0.013330976231873539
rf_per_bssid,RogueAP_30.csv,radiotap_signal_dbm_std,0.010485207274632598
rf_per_bssid,RogueAP_30.csv,radiotap_signal_dbm_p25,0.009864750429471951
rf_per_bssid,RogueAP_30.csv,radiotap_signal_dbm_p50,0.009317217070626216
rf_per_bssid,RogueAP_30.csv,fc_type_1_ratio,0.008218697776182999
rf_per_bssid,RogueAP_30.csv,radiotap_signal_dbm_p75,0.008142266621168069
rf_per_bssid,RogueAP_30.csv,wlan_duration_min,0.005225784198427036
xgb_per_bssid,RogueAP_30.csv,fixed_beacon_ratio,0.3394564092159271
xgb_per_bssid,RogueAP_30.csv,fixed_beacon_present_ratio,0.2125198245048523
xgb_per_bssid,RogueAP_30.csv,cap_ess_present_ratio,0.041143748909235
xgb_per_bssid,RogueAP_30.csv,radiotap_signal_dbm_max,0.03647338226437569
xgb_per_bssid,RogueAP_30.csv,radiotap_signal_dbm_std,0.035157687962055206
xgb_per_bssid,RogueAP_30.csv,fc_subtype_0_ratio,0.015420348383486271
xgb_per_bssid,RogueAP_30.csv,moredata_ratio,0.011747498996555805
xgb_per_bssid,RogueAP_30.csv,radiotap_signal_dbm_mean,0.011661187745630741
xgb_per_bssid,RogueAP_30.csv,radiotap_signal_dbm_range,0.011358749121427536
xgb_per_bssid,RogueAP_30.csv,fc_type_1_ratio,0.009677859954535961
xgb_per_bssid,RogueAP_30.csv,fc_subtype_11_ratio,0.009623296558856964
xgb_per_bssid,RogueAP_30.csv,frame_len_std,0.008884686976671219
xgb_per_bssid,RogueAP_30.csv,seq_present_ratio,0.008842527866363525
xgb_per_bssid,RogueAP_30.csv,radiotap_signal_dbm_min,0.008576235733926296
xgb_per_bssid,RogueAP_30.csv,radiotap_signal_dbm_p25,0.008067278191447258
xgb_per_bssid,RogueAP_30.csv,ssid_present_ratio,0.00792200118303299
xgb_per_bssid,RogueAP_30.csv,beacon_count,0.007589560002088547
xgb_per_bssid,RogueAP_30.csv,radiotap_datarate_max,0.007462561596184969
xgb_per_bssid,RogueAP_30.csv,fc_type_nunique,0.007311623077839613
xgb_per_bssid,RogueAP_30.csv,fc_type_2_ratio,0.007130648475140333
xgb_per_bssid,RogueAP_30.csv,radiotap_datarate_mean,0.006494532339274883
xgb_per_bssid,RogueAP_30.csv,fc_type_0_ratio,0.006440339609980583
xgb_per_bssid,RogueAP_30.csv,radio_data_rate_mean,0.006244371645152569
xgb_per_bssid,RogueAP_30.csv,frame_len_max,0.006039415951818228
xgb_per_bssid,RogueAP_30.csv,fc_subtype_8_ratio,0.0059874411672353745
rf_per_bssid,RogueAP_31.csv,fixed_beacon_present_ratio,0.09575657774929232
rf_per_bssid,RogueAP_31.csv,cap_ess_present_ratio,0.08725184744846923
rf_per_bssid,RogueAP_31.csv,cap_ess_ratio,0.08720938904183917
rf_per_bssid,RogueAP_31.csv,fixed_beacon_ratio,0.08074874410775933
rf_per_bssid,RogueAP_31.csv,ssid_nunique,0.07913852891760897
rf_per_bssid,RogueAP_31.csv,ssid_present_ratio,0.06523654787964729
rf_per_bssid,RogueAP_31.csv,cap_ibss_present_ratio,0.05956469971861415
rf_per_bssid,RogueAP_31.csv,tag_length_present_ratio,0.058374686440034844
rf_per_bssid,RogueAP_31.csv,fc_type_nunique,0.04282887859019283
rf_per_bssid,RogueAP_31.csv,fc_type_0_ratio,0.036613030125475725
rf_per_bssid,RogueAP_31.csv,radiotap_datarate_min,0.022234661283834476
rf_per_bssid,RogueAP_31.csv,radiotap_datarate_range,0.021683341266165144
rf_per_bssid,RogueAP_31.csv,radiotap_datarate_mean,0.02115705018005241
rf_per_bssid,RogueAP_31.csv,radiotap_signal_dbm_range,0.019090596495421185
rf_per_bssid,RogueAP_31.csv,radio_data_rate_min,0.01806125442461424
rf_per_bssid,RogueAP_31.csv,radiotap_datarate_std,0.014765744351544268
rf_per_bssid,RogueAP_31.csv,radiotap_signal_dbm_max,0.01471804283018058
rf_per_bssid,RogueAP_31.csv,radiotap_signal_dbm_mean,0.014166841094690052
rf_per_bssid,RogueAP_31.csv,radiotap_signal_dbm_min,0.011595747757788544
rf_per_bssid,RogueAP_31.csv,radiotap_signal_dbm_p50,0.011349425607121969
rf_per_bssid,RogueAP_31.csv,radiotap_signal_dbm_p25,0.011327719511269131
rf_per_bssid,RogueAP_31.csv,radiotap_signal_dbm_std,0.010069631166071782
rf_per_bssid,RogueAP_31.csv,radiotap_signal_dbm_p75,0.01006034093790836
rf_per_bssid,RogueAP_31.csv,fc_type_1_ratio,0.009350716144815571
rf_per_bssid,RogueAP_31.csv,wlan_duration_min,0.007004464791840197
xgb_per_bssid,RogueAP_31.csv,fixed_beacon_ratio,0.47756069898605347
xgb_per_bssid,RogueAP_31.csv,fixed_beacon_present_ratio,0.15916213393211365
xgb_per_bssid,RogueAP_31.csv,cap_ess_present_ratio,0.03353678435087204
xgb_per_bssid,RogueAP_31.csv,radiotap_signal_dbm_std,0.029487313702702522
xgb_per_bssid,RogueAP_31.csv,radiotap_signal_dbm_range,0.028075985610485077
xgb_per_bssid,RogueAP_31.csv,radiotap_signal_dbm_max,0.02363305538892746
xgb_per_bssid,RogueAP_31.csv,fc_subtype_0_ratio,0.010623816400766373
xgb_per_bssid,RogueAP_31.csv,cap_ess_ratio,0.009274043142795563
xgb_per_bssid,RogueAP_31.csv,fc_subtype_11_ratio,0.009004627354443073
xgb_per_bssid,RogueAP_31.csv,moredata_ratio,0.008268077857792377
xgb_per_bssid,RogueAP_31.csv,fc_type_1_ratio,0.007941916584968567
xgb_per_bssid,RogueAP_31.csv,wlan_duration_p50,0.007371767424046993
xgb_per_bssid,RogueAP_31.csv,seq_present_ratio,0.007315660361200571
xgb_per_bssid,RogueAP_31.csv,fc_type_2_ratio,0.006775762420147657
xgb_per_bssid,RogueAP_31.csv,frame_len_p50,0.006759613752365112
xgb_per_bssid,RogueAP_31.csv,fc_subtype_8_ratio,0.006249141879379749
xgb_per_bssid,RogueAP_31.csv,radiotap_signal_dbm_p25,0.0060830493457615376
xgb_per_bssid,RogueAP_31.csv,frame_len_std,0.006070421542972326
xgb_per_bssid,RogueAP_31.csv,fc_type_0_ratio,0.005597168114036322
xgb_per_bssid,RogueAP_31.csv,fc_type_nunique,0.005537078250199556
xgb_per_bssid,RogueAP_31.csv,radio_data_rate_mean,0.005262327380478382
xgb_per_bssid,RogueAP_31.csv,iat_mean,0.005191918928176165
xgb_per_bssid,RogueAP_31.csv,radio_signal_dbm_min,0.005008290056139231
xgb_per_bssid,RogueAP_31.csv,radio_data_rate_p75,0.0049832044169306755
xgb_per_bssid,RogueAP_31.csv,beacon_count,0.004810763522982597
rf_per_bssid,RogueAP_32.csv,fixed_beacon_present_ratio,0.09703898144108283
rf_per_bssid,RogueAP_32.csv,cap_ess_present_ratio,0.08898134356142537
rf_per_bssid,RogueAP_32.csv,cap_ess_ratio,0.08286261509263781
rf_per_bssid,RogueAP_32.csv,ssid_nunique,0.08178411133782043
rf_per_bssid,RogueAP_32.csv,fixed_beacon_ratio,0.0742030993451148
rf_per_bssid,RogueAP_32.csv,ssid_present_ratio,0.07123522844245316
rf_per_bssid,RogueAP_32.csv,cap_ibss_present_ratio,0.06752252065045145
rf_per_bssid,RogueAP_32.csv,tag_length_present_ratio,0.056069864691570194
rf_per_bssid,RogueAP_32.csv,fc_type_nunique,0.04398063495469205
rf_per_bssid,RogueAP_32.csv,fc_type_0_ratio,0.03751713883806238
rf_per_bssid,RogueAP_32.csv,radio_data_rate_min,0.020569416602517796
rf_per_bssid,RogueAP_32.csv,radiotap_datarate_mean,0.020151126209471522
rf_per_bssid,RogueAP_32.csv,radiotap_datarate_range,0.019600734115442355
rf_per_bssid,RogueAP_32.csv,radiotap_signal_dbm_range,0.019362953848065856
rf_per_bssid,RogueAP_32.csv,radiotap_datarate_min,0.017975159194919623
rf_per_bssid,RogueAP_32.csv,radiotap_datarate_std,0.014841653216149326
rf_per_bssid,RogueAP_32.csv,radiotap_signal_dbm_mean,0.01463021235603811
rf_per_bssid,RogueAP_32.csv,radiotap_signal_dbm_max,0.014526329918437442
rf_per_bssid,RogueAP_32.csv,radiotap_signal_dbm_min,0.014258580339006515
rf_per_bssid,RogueAP_32.csv,radiotap_signal_dbm_p25,0.010625314662812607
rf_per_bssid,RogueAP_32.csv,radiotap_signal_dbm_std,0.01010413260841805
rf_per_bssid,RogueAP_32.csv,radiotap_signal_dbm_p50,0.00959005043126121
rf_per_bssid,RogueAP_32.csv,fc_type_1_ratio,0.008558882423660135
rf_per_bssid,RogueAP_32.csv,radiotap_signal_dbm_p75,0.008143458209181987
rf_per_bssid,RogueAP_32.csv,wlan_duration_min,0.005968268084698089
xgb_per_bssid,RogueAP_32.csv,fixed_beacon_ratio,0.39056023955345154
xgb_per_bssid,RogueAP_32.csv,fixed_beacon_present_ratio,0.19095639884471893
xgb_per_bssid,RogueAP_32.csv,cap_ess_present_ratio,0.042839858680963516
xgb_per_bssid,RogueAP_32.csv,radiotap_signal_dbm_max,0.03477481007575989
xgb_per_bssid,RogueAP_32.csv,radiotap_signal_dbm_std,0.018541643396019936
xgb_per_bssid,RogueAP_32.csv,radiotap_signal_dbm_p25,0.01610681600868702
xgb_per_bssid,RogueAP_32.csv,fc_subtype_0_ratio,0.013643980957567692
xgb_per_bssid,RogueAP_32.csv,fc_subtype_11_ratio,0.01136525347828865
xgb_per_bssid,RogueAP_32.csv,radiotap_signal_dbm_mean,0.011188007891178131
xgb_per_bssid,RogueAP_32.csv,frame_len_p50,0.010808508843183517
xgb_per_bssid,RogueAP_32.csv,cap_ess_ratio,0.010561463423073292
xgb_per_bssid,RogueAP_32.csv,fc_type_1_ratio,0.009565100073814392
xgb_per_bssid,RogueAP_32.csv,frame_len_std,0.008456275798380375
xgb_per_bssid,RogueAP_32.csv,seq_present_ratio,0.007904530502855778
xgb_per_bssid,RogueAP_32.csv,fc_type_2_ratio,0.007725065108388662
xgb_per_bssid,RogueAP_32.csv,wlan_duration_p50,0.007666170131415129
xgb_per_bssid,RogueAP_32.csv,ssid_present_ratio,0.007556489203125238
xgb_per_bssid,RogueAP_32.csv,fc_type_nunique,0.00746574392542243
xgb_per_bssid,RogueAP_32.csv,fc_type_0_ratio,0.006333858706057072
xgb_per_bssid,RogueAP_32.csv,iat_std,0.006309395655989647
xgb_per_bssid,RogueAP_32.csv,radiotap_datarate_std,0.005952237173914909
xgb_per_bssid,RogueAP_32.csv,iat_mean,0.00594159634783864
xgb_per_bssid,RogueAP_32.csv,radiotap_signal_dbm_range,0.005812146235257387
xgb_per_bssid,RogueAP_32.csv,fc_subtype_8_ratio,0.005726130213588476
xgb_per_bssid,RogueAP_32.csv,beacon_count,0.005704358220100403
rf_per_bssid,RogueAP_33.csv,cap_ess_ratio,0.09588634738524221
rf_per_bssid,RogueAP_33.csv,fixed_beacon_present_ratio,0.08927878788500804
rf_per_bssid,RogueAP_33.csv,cap_ess_present_ratio,0.08533394965251653
rf_per_bssid,RogueAP_33.csv,ssid_nunique,0.08484270543219377
rf_per_bssid,RogueAP_33.csv,fixed_beacon_ratio,0.07827853466470334
rf_per_bssid,RogueAP_33.csv,ssid_present_ratio,0.07544647741826957
rf_per_bssid,RogueAP_33.csv,cap_ibss_present_ratio,0.058675842011901944
rf_per_bssid,RogueAP_33.csv,tag_length_present_ratio,0.053535033156469396
rf_per_bssid,RogueAP_33.csv,fc_type_nunique,0.041727648807808645
rf_per_bssid,RogueAP_33.csv,fc_type_0_ratio,0.037614023720921735
rf_per_bssid,RogueAP_33.csv,radiotap_datarate_range,0.021965701540469593
rf_per_bssid,RogueAP_33.csv,radiotap_datarate_min,0.021429258732280153
rf_per_bssid,RogueAP_33.csv,radiotap_datarate_mean,0.02020609104296453
rf_per_bssid,RogueAP_33.csv,radiotap_signal_dbm_range,0.019692889464118374
rf_per_bssid,RogueAP_33.csv,radio_data_rate_min,0.01614378501291856
rf_per_bssid,RogueAP_33.csv,radiotap_signal_dbm_mean,0.014173398895855933
rf_per_bssid,RogueAP_33.csv,radiotap_datarate_std,0.01366393131334182
rf_per_bssid,RogueAP_33.csv,radiotap_signal_dbm_max,0.013135194498182921
rf_per_bssid,RogueAP_33.csv,radiotap_signal_dbm_min,0.012551897493704795
rf_per_bssid,RogueAP_33.csv,radiotap_signal_dbm_p50,0.01140186835766924
rf_per_bssid,RogueAP_33.csv,radiotap_signal_dbm_p75,0.010596801349719003
rf_per_bssid,RogueAP_33.csv,radiotap_signal_dbm_p25,0.01028245859439709
rf_per_bssid,RogueAP_33.csv,radiotap_signal_dbm_std,0.009973733015604376
rf_per_bssid,RogueAP_33.csv,fc_type_1_ratio,0.007801183699238829
rf_per_bssid,RogueAP_33.csv,wlan_duration_min,0.005899921239985508
xgb_per_bssid,RogueAP_33.csv,fixed_beacon_ratio,0.38753509521484375
xgb_per_bssid,RogueAP_33.csv,fixed_beacon_present_ratio,0.19505111873149872
xgb_per_bssid,RogueAP_33.csv,cap_ess_present_ratio,0.037081558257341385
xgb_per_bssid,RogueAP_33.csv,radiotap_signal_dbm_max,0.03466056287288666
xgb_per_bssid,RogueAP_33.csv,radiotap_signal_dbm_std,0.024081453680992126
xgb_per_bssid,RogueAP_33.csv,fc_subtype_0_ratio,0.012860890477895737
xgb_per_bssid,RogueAP_33.csv,radiotap_signal_dbm_mean,0.012570532970130444
xgb_per_bssid,RogueAP_33.csv,cap_ess_ratio,0.010333294980227947
xgb_per_bssid,RogueAP_33.csv,fc_subtype_11_ratio,0.009457710199058056
xgb_per_bssid,RogueAP_33.csv,radiotap_signal_dbm_p25,0.008804872632026672
xgb_per_bssid,RogueAP_33.csv,seq_present_ratio,0.008469874039292336
xgb_per_bssid,RogueAP_33.csv,fc_type_1_ratio,0.008457459509372711
xgb_per_bssid,RogueAP_33.csv,fc_type_nunique,0.008258580230176449
xgb_per_bssid,RogueAP_33.csv,fc_type_2_ratio,0.00723219383507967
xgb_per_bssid,RogueAP_33.csv,fc_subtype_8_ratio,0.00696771964430809
xgb_per_bssid,RogueAP_33.csv,radiotap_datarate_mean,0.006920067593455315
xgb_per_bssid,RogueAP_33.csv,frame_len_std,0.006918544415384531
xgb_per_bssid,RogueAP_33.csv,radiotap_datarate_max,0.006405618507415056
xgb_per_bssid,RogueAP_33.csv,radiotap_datarate_p50,0.006399267353117466
xgb_per_bssid,RogueAP_33.csv,wlan_duration_p50,0.0059887683019042015
xgb_per_bssid,RogueAP_33.csv,frame_len_max,0.005965157877653837
xgb_per_bssid,RogueAP_33.csv,iat_mean,0.005787156987935305
xgb_per_bssid,RogueAP_33.csv,radiotap_signal_dbm_range,0.005454920697957277
xgb_per_bssid,RogueAP_33.csv,radio_data_rate_range,0.005383460316807032
xgb_per_bssid,RogueAP_33.csv,moredata_ratio,0.0053144795820117
rf_per_bssid,RogueAP_34.csv,fixed_beacon_present_ratio,0.09831857447803126
rf_per_bssid,RogueAP_34.csv,cap_ess_present_ratio,0.09073648327336302
rf_per_bssid,RogueAP_34.csv,cap_ess_ratio,0.08605106529596013
rf_per_bssid,RogueAP_34.csv,fixed_beacon_ratio,0.0830486765830515
rf_per_bssid,RogueAP_34.csv,ssid_nunique,0.07890107824681479
rf_per_bssid,RogueAP_34.csv,ssid_present_ratio,0.07123505024146777
rf_per_bssid,RogueAP_34.csv,cap_ibss_present_ratio,0.0657763586186154
rf_per_bssid,RogueAP_34.csv,tag_length_present_ratio,0.05686938159565822
rf_per_bssid,RogueAP_34.csv,fc_type_nunique,0.03930146102958746
rf_per_bssid,RogueAP_34.csv,fc_type_0_ratio,0.03531851333147954
rf_per_bssid,RogueAP_34.csv,radiotap_datarate_range,0.022329662337829632
rf_per_bssid,RogueAP_34.csv,radiotap_datarate_mean,0.019833024340061022
rf_per_bssid,RogueAP_34.csv,radiotap_signal_dbm_range,0.01880777121655131
rf_per_bssid,RogueAP_34.csv,radio_data_rate_min,0.017702347544695008
rf_per_bssid,RogueAP_34.csv,radiotap_datarate_min,0.01760734375637614
rf_per_bssid,RogueAP_34.csv,radiotap_signal_dbm_mean,0.015731415319051884
rf_per_bssid,RogueAP_34.csv,radiotap_signal_dbm_max,0.014000566199418366
rf_per_bssid,RogueAP_34.csv,radiotap_datarate_std,0.013671404205013183
rf_per_bssid,RogueAP_34.csv,radiotap_signal_dbm_min,0.0122859669953375
rf_per_bssid,RogueAP_34.csv,radiotap_signal_dbm_p25,0.012229132572811314
rf_per_bssid,RogueAP_34.csv,radiotap_signal_dbm_std,0.010958543786740445
rf_per_bssid,RogueAP_34.csv,fc_type_1_ratio,0.009215990904941419
rf_per_bssid,RogueAP_34.csv,radiotap_signal_dbm_p50,0.008985623770312473
rf_per_bssid,RogueAP_34.csv,radiotap_signal_dbm_p75,0.008780904294262941
rf_per_bssid,RogueAP_34.csv,wlan_duration_min,0.006143080049716592
xgb_per_bssid,RogueAP_34.csv,fixed_beacon_ratio,0.3663165271282196
xgb_per_bssid,RogueAP_34.csv,fixed_beacon_present_ratio,0.1931968629360199
xgb_per_bssid,RogueAP_34.csv,cap_ess_present_ratio,0.03950938582420349
xgb_per_bssid,RogueAP_34.csv,radiotap_signal_dbm_max,0.03595329076051712
xgb_per_bssid,RogueAP_34.csv,radiotap_signal_dbm_std,0.03179151192307472
xgb_per_bssid,RogueAP_34.csv,radiotap_signal_dbm_mean,0.013756993226706982
xgb_per_bssid,RogueAP_34.csv,fc_subtype_0_ratio,0.011460774578154087
xgb_per_bssid,RogueAP_34.csv,fc_subtype_11_ratio,0.011218303814530373
xgb_per_bssid,RogueAP_34.csv,cap_ess_ratio,0.010770578868687153
xgb_per_bssid,RogueAP_34.csv,seq_present_ratio,0.010241931304335594
xgb_per_bssid,RogueAP_34.csv,frame_len_p50,0.009112437255680561
xgb_per_bssid,RogueAP_34.csv,fc_type_1_ratio,0.00897394958883524
xgb_per_bssid,RogueAP_34.csv,frame_len_std,0.008486558683216572
xgb_per_bssid,RogueAP_34.csv,radiotap_datarate_max,0.007869703695178032
xgb_per_bssid,RogueAP_34.csv,fc_type_2_ratio,0.007751405239105225
xgb_per_bssid,RogueAP_34.csv,fc_type_nunique,0.007452766876667738
xgb_per_bssid,RogueAP_34.csv,wlan_duration_p50,0.0072514768689870834
xgb_per_bssid,RogueAP_34.csv,iat_std,0.007039849180728197
xgb_per_bssid,RogueAP_34.csv,radiotap_signal_dbm_p25,0.006998046301305294
xgb_per_bssid,RogueAP_34.csv,radiotap_datarate_mean,0.006605010479688644
xgb_per_bssid,RogueAP_34.csv,radiotap_datarate_p50,0.006291409023106098
xgb_per_bssid,RogueAP_34.csv,fc_subtype_8_ratio,0.006242762785404921
xgb_per_bssid,RogueAP_34.csv,moredata_ratio,0.006221052259206772
xgb_per_bssid,RogueAP_34.csv,radio_data_rate_p75,0.005929110571742058
xgb_per_bssid,RogueAP_34.csv,radiotap_datarate_std,0.005874541122466326
rf_per_bssid,RogueAP_35.csv,cap_ess_ratio,0.09157468350955178
rf_per_bssid,RogueAP_35.csv,cap_ess_present_ratio,0.08966962151807195
rf_per_bssid,RogueAP_35.csv,fixed_beacon_present_ratio,0.08551787903235081
rf_per_bssid,RogueAP_35.csv,ssid_nunique,0.08295097469980703
rf_per_bssid,RogueAP_35.csv,fixed_beacon_ratio,0.07953447825636589
rf_per_bssid,RogueAP_35.csv,ssid_present_ratio,0.07738040703519741
rf_per_bssid,RogueAP_35.csv,cap_ibss_present_ratio,0.05807166663002184
rf_per_bssid,RogueAP_35.csv,tag_length_present_ratio,0.05608450064387933
rf_per_bssid,RogueAP_35.csv,fc_type_0_ratio,0.03888670002108985
rf_per_bssid,RogueAP_35.csv,fc_type_nunique,0.038485201722625303
rf_per_bssid,RogueAP_35.csv,radiotap_signal_dbm_range,0.02041840760497639
rf_per_bssid,RogueAP_35.csv,radiotap_datarate_range,0.02020735909012574
rf_per_bssid,RogueAP_35.csv,radiotap_datarate_min,0.019891216184705452
rf_per_bssid,RogueAP_35.csv,radio_data_rate_min,0.019700979618669595
rf_per_bssid,RogueAP_35.csv,radiotap_datarate_mean,0.01967238264090649
rf_per_bssid,RogueAP_35.csv,radiotap_signal_dbm_max,0.016398496785383694
rf_per_bssid,RogueAP_35.csv,radiotap_signal_dbm_mean,0.014698635996055961
rf_per_bssid,RogueAP_35.csv,radiotap_signal_dbm_min,0.013981271515631295
rf_per_bssid,RogueAP_35.csv,radiotap_datarate_std,0.013949102003997144
rf_per_bssid,RogueAP_35.csv,radiotap_signal_dbm_std,0.011170984729218424
rf_per_bssid,RogueAP_35.csv,radiotap_signal_dbm_p25,0.010160618281845599
rf_per_bssid,RogueAP_35.csv,radiotap_signal_dbm_p75,0.00885348335021934
rf_per_bssid,RogueAP_35.csv,radiotap_signal_dbm_p50,0.008840285502259165
rf_per_bssid,RogueAP_35.csv,wlan_duration_min,0.007330504830598789
rf_per_bssid,RogueAP_35.csv,fc_type_1_ratio,0.006979347093264435
xgb_per_bssid,RogueAP_35.csv,fixed_beacon_ratio,0.4043937921524048
xgb_per_bssid,RogueAP_35.csv,fixed_beacon_present_ratio,0.1849905550479889
xgb_per_bssid,RogueAP_35.csv,radiotap_signal_dbm_max,0.04115483537316322
xgb_per_bssid,RogueAP_35.csv,cap_ess_present_ratio,0.03404509276151657
xgb_per_bssid,RogueAP_35.csv,radiotap_signal_dbm_std,0.030351897701621056
xgb_per_bssid,RogueAP_35.csv,seq_present_ratio,0.012480296194553375
xgb_per_bssid,RogueAP_35.csv,radiotap_signal_dbm_mean,0.011592958122491837
xgb_per_bssid,RogueAP_35.csv,cap_ess_ratio,0.009952115826308727
xgb_per_bssid,RogueAP_35.csv,frame_len_p50,0.009646034799516201
xgb_per_bssid,RogueAP_35.csv,fc_type_1_ratio,0.009457091800868511
xgb_per_bssid,RogueAP_35.csv,fc_subtype_11_ratio,0.00930776447057724
xgb_per_bssid,RogueAP_35.csv,fc_subtype_0_ratio,0.009269542060792446
xgb_per_bssid,RogueAP_35.csv,wlan_duration_p50,0.007630777545273304
xgb_per_bssid,RogueAP_35.csv,beacon_ratio,0.007537453435361385
xgb_per_bssid,RogueAP_35.csv,frame_len_std,0.007324009668081999
xgb_per_bssid,RogueAP_35.csv,fc_type_2_ratio,0.0069274608977139
xgb_per_bssid,RogueAP_35.csv,fc_subtype_8_ratio,0.006856393069028854
xgb_per_bssid,RogueAP_35.csv,frame_len_range,0.0063816262409091
xgb_per_bssid,RogueAP_35.csv,ip_proto_present_ratio,0.006341505330055952
xgb_per_bssid,RogueAP_35.csv,radiotap_signal_dbm_p25,0.006082647945731878
xgb_per_bssid,RogueAP_35.csv,fc_subtype_13_ratio,0.005604982376098633
xgb_per_bssid,RogueAP_35.csv,fc_type_0_ratio,0.005453791003674269
xgb_per_bssid,RogueAP_35.csv,fc_type_nunique,0.005453095305711031
xgb_per_bssid,RogueAP_35.csv,iat_std,0.005354271270334721
xgb_per_bssid,RogueAP_35.csv,frame_len_mean,0.005194683093577623
rf_per_bssid,RogueAP_36.csv,fixed_beacon_present_ratio,0.10096121022606615
rf_per_bssid,RogueAP_36.csv,cap_ess_ratio,0.08646318835784834
rf_per_bssid,RogueAP_36.csv,fixed_beacon_ratio,0.08477351724030112
rf_per_bssid,RogueAP_36.csv,cap_ess_present_ratio,0.08302613766300304
rf_per_bssid,RogueAP_36.csv,ssid_nunique,0.07708167502005575
rf_per_bssid,RogueAP_36.csv,ssid_present_ratio,0.07442042793681457
rf_per_bssid,RogueAP_36.csv,cap_ibss_present_ratio,0.06160431634692985
rf_per_bssid,RogueAP_36.csv,tag_length_present_ratio,0.058327523327306806
rf_per_bssid,RogueAP_36.csv,fc_type_0_ratio,0.039134858843512234
rf_per_bssid,RogueAP_36.csv,fc_type_nunique,0.03901615760078883
rf_per_bssid,RogueAP_36.csv,radiotap_datarate_range,0.020359008793770977
rf_per_bssid,RogueAP_36.csv,radiotap_datarate_min,0.018858168436313757
rf_per_bssid,RogueAP_36.csv,radiotap_signal_dbm_range,0.01814127447720556
rf_per_bssid,RogueAP_36.csv,radiotap_datarate_mean,0.01790498387358932
rf_per_bssid,RogueAP_36.csv,radio_data_rate_min,0.017777802213247224
rf_per_bssid,RogueAP_36.csv,radiotap_signal_dbm_max,0.015104738279504612
rf_per_bssid,RogueAP_36.csv,radiotap_signal_dbm_mean,0.01425570447983254
rf_per_bssid,RogueAP_36.csv,radiotap_signal_dbm_min,0.014204544678206778
rf_per_bssid,RogueAP_36.csv,radiotap_datarate_std,0.013996228530355845
rf_per_bssid,RogueAP_36.csv,radiotap_signal_dbm_p25,0.010900465156416721
rf_per_bssid,RogueAP_36.csv,radiotap_signal_dbm_p75,0.010126402459595011
rf_per_bssid,RogueAP_36.csv,fc_type_1_ratio,0.009378498966564794
rf_per_bssid,RogueAP_36.csv,radiotap_signal_dbm_std,0.009048661664514809
rf_per_bssid,RogueAP_36.csv,radiotap_signal_dbm_p50,0.008202016475154178
rf_per_bssid,RogueAP_36.csv,wlan_duration_min,0.00642270237375163
xgb_per_bssid,RogueAP_36.csv,fixed_beacon_ratio,0.42068442702293396
xgb_per_bssid,RogueAP_36.csv,fixed_beacon_present_ratio,0.18787144124507904
xgb_per_bssid,RogueAP_36.csv,cap_ess_present_ratio,0.03677736222743988
xgb_per_bssid,RogueAP_36.csv,radiotap_signal_dbm_max,0.03291913494467735
xgb_per_bssid,RogueAP_36.csv,radiotap_signal_dbm_std,0.024407345801591873
xgb_per_bssid,RogueAP_36.csv,fc_subtype_0_ratio,0.012673195451498032
xgb_per_bssid,RogueAP_36.csv,cap_ess_ratio,0.010369529947638512
xgb_per_bssid,RogueAP_36.csv,seq_present_ratio,0.01014993991702795
xgb_per_bssid,RogueAP_36.csv,frame_len_p50,0.009680255316197872
xgb_per_bssid,RogueAP_36.csv,fc_subtype_11_ratio,0.00887310691177845
xgb_per_bssid,RogueAP_36.csv,fc_type_1_ratio,0.00859164446592331
xgb_per_bssid,RogueAP_36.csv,fc_type_nunique,0.007635052315890789
xgb_per_bssid,RogueAP_36.csv,wlan_duration_p50,0.00751768983900547
xgb_per_bssid,RogueAP_36.csv,fc_type_2_ratio,0.007516148965805769
xgb_per_bssid,RogueAP_36.csv,iat_std,0.007008205633610487
xgb_per_bssid,RogueAP_36.csv,fc_subtype_8_ratio,0.006902455352246761
xgb_per_bssid,RogueAP_36.csv,frame_len_std,0.006862827576696873
xgb_per_bssid,RogueAP_36.csv,radiotap_signal_dbm_p25,0.00685708224773407
xgb_per_bssid,RogueAP_36.csv,radiotap_signal_dbm_range,0.006812533363699913
xgb_per_bssid,RogueAP_36.csv,fc_type_0_ratio,0.005789333488792181
xgb_per_bssid,RogueAP_36.csv,radiotap_signal_dbm_mean,0.00570040475577116
xgb_per_bssid,RogueAP_36.csv,iat_mean,0.005602577701210976
xgb_per_bssid,RogueAP_36.csv,moredata_ratio,0.005415564868599176
xgb_per_bssid,RogueAP_36.csv,radiotap_datarate_mean,0.0053570447489619255
xgb_per_bssid,RogueAP_36.csv,frame_len_max,0.0052858577109873295
rf_per_bssid,RogueAP_37.csv,fixed_beacon_present_ratio,0.09798647784687727
rf_per_bssid,RogueAP_37.csv,cap_ess_ratio,0.09344217512004206
rf_per_bssid,RogueAP_37.csv,cap_ess_present_ratio,0.08883279534442258
rf_per_bssid,RogueAP_37.csv,fixed_beacon_ratio,0.08706928575343745
rf_per_bssid,RogueAP_37.csv,ssid_nunique,0.08202386622625091
rf_per_bssid,RogueAP_37.csv,ssid_present_ratio,0.07198867634404182
rf_per_bssid,RogueAP_37.csv,cap_ibss_present_ratio,0.056075935272459264
rf_per_bssid,RogueAP_37.csv,tag_length_present_ratio,0.052300764049546374
rf_per_bssid,RogueAP_37.csv,fc_type_nunique,0.03810805956803695
rf_per_bssid,RogueAP_37.csv,fc_type_0_ratio,0.03334588442430715
rf_per_bssid,RogueAP_37.csv,radiotap_datarate_range,0.021858432625913478
rf_per_bssid,RogueAP_37.csv,radiotap_signal_dbm_range,0.020671276079382028
rf_per_bssid,RogueAP_37.csv,radiotap_datarate_mean,0.020239000077665967
rf_per_bssid,RogueAP_37.csv,radiotap_datarate_min,0.018856814448420613
rf_per_bssid,RogueAP_37.csv,radio_data_rate_min,0.018703602662251483
rf_per_bssid,RogueAP_37.csv,radiotap_signal_dbm_mean,0.016553078011089573
rf_per_bssid,RogueAP_37.csv,radiotap_signal_dbm_max,0.014229947829923002
rf_per_bssid,RogueAP_37.csv,radiotap_datarate_std,0.013145546077906198
rf_per_bssid,RogueAP_37.csv,radiotap_signal_dbm_min,0.010985919875588654
rf_per_bssid,RogueAP_37.csv,radiotap_signal_dbm_p50,0.01067852456364454
rf_per_bssid,RogueAP_37.csv,radiotap_signal_dbm_p25,0.009644125164162994
rf_per_bssid,RogueAP_37.csv,radiotap_signal_dbm_std,0.00939646835151339
rf_per_bssid,RogueAP_37.csv,radiotap_signal_dbm_p75,0.009140760166302287
rf_per_bssid,RogueAP_37.csv,fc_type_1_ratio,0.008583220026429778
rf_per_bssid,RogueAP_37.csv,wlan_duration_min,0.006480216239012729
xgb_per_bssid,RogueAP_37.csv,fixed_beacon_ratio,0.41335397958755493
xgb_per_bssid,RogueAP_37.csv,fixed_beacon_present_ratio,0.18297016620635986
xgb_per_bssid,RogueAP_37.csv,radiotap_signal_dbm_max,0.036764759570360184
xgb_per_bssid,RogueAP_37.csv,cap_ess_present_ratio,0.036221008747816086
xgb_per_bssid,RogueAP_37.csv,radiotap_signal_dbm_std,0.020135043188929558
xgb_per_bssid,RogueAP_37.csv,radiotap_signal_dbm_mean,0.01461771596223116
xgb_per_bssid,RogueAP_37.csv,fc_subtype_0_ratio,0.012797313742339611
xgb_per_bssid,RogueAP_37.csv,cap_ess_ratio,0.010140269994735718
xgb_per_bssid,RogueAP_37.csv,frame_len_p50,0.009989771991968155
xgb_per_bssid,RogueAP_37.csv,ip_proto_present_ratio,0.009892677888274193
xgb_per_bssid,RogueAP_37.csv,seq_present_ratio,0.00971012469381094
xgb_per_bssid,RogueAP_37.csv,fc_subtype_11_ratio,0.009013528935611248
xgb_per_bssid,RogueAP_37.csv,fc_type_1_ratio,0.008895042352378368
xgb_per_bssid,RogueAP_37.csv,frame_len_std,0.008697864599525928
xgb_per_bssid,RogueAP_37.csv,beacon_ratio,0.007287174928933382
xgb_per_bssid,RogueAP_37.csv,fc_type_nunique,0.00638370169326663
xgb_per_bssid,RogueAP_37.csv,radio_signal_dbm_min,0.0058509670197963715
xgb_per_bssid,RogueAP_37.csv,wlan_duration_p50,0.005816497839987278
xgb_per_bssid,RogueAP_37.csv,radio_data_rate_p75,0.005793081596493721
xgb_per_bssid,RogueAP_37.csv,iat_mean,0.00577441556379199
xgb_per_bssid,RogueAP_37.csv,radiotap_signal_dbm_p25,0.005715357139706612
xgb_per_bssid,RogueAP_37.csv,fc_subtype_8_ratio,0.005714046768844128
xgb_per_bssid,RogueAP_37.csv,radiotap_signal_dbm_range,0.005598777439445257
xgb_per_bssid,RogueAP_37.csv,fc_type_2_ratio,0.005508835893124342
xgb_per_bssid,RogueAP_37.csv,frame_len_max,0.005162633489817381
rf_per_bssid,RogueAP_38.csv,cap_ess_present_ratio,0.09495334198449475
rf_per_bssid,RogueAP_38.csv,fixed_beacon_present_ratio,0.09337269287600168
rf_per_bssid,RogueAP_38.csv,cap_ess_ratio,0.08676751958020656
rf_per_bssid,RogueAP_38.csv,ssid_nunique,0.0826219688793122
rf_per_bssid,RogueAP_38.csv,fixed_beacon_ratio,0.07776850394905636
rf_per_bssid,RogueAP_38.csv,ssid_present_ratio,0.0662469526213518
rf_per_bssid,RogueAP_38.csv,cap_ibss_present_ratio,0.058950927007407
rf_per_bssid,RogueAP_38.csv,tag_length_present_ratio,0.05826434799728921
rf_per_bssid,RogueAP_38.csv,fc_type_0_ratio,0.03934269505363941
rf_per_bssid,RogueAP_38.csv,fc_type_nunique,0.038259366913015555
rf_per_bssid,RogueAP_38.csv,radio_data_rate_min,0.021600424362429378
rf_per_bssid,RogueAP_38.csv,radiotap_datarate_min,0.01968409917626901
rf_per_bssid,RogueAP_38.csv,radiotap_signal_dbm_range,0.019637609305792603
rf_per_bssid,RogueAP_38.csv,radiotap_datarate_range,0.019417256697580442
rf_per_bssid,RogueAP_38.csv,radiotap_datarate_mean,0.018080513682661472
rf_per_bssid,RogueAP_38.csv,radiotap_datarate_std,0.01642417663330965
rf_per_bssid,RogueAP_38.csv,radiotap_signal_dbm_mean,0.014927916019859346
rf_per_bssid,RogueAP_38.csv,radiotap_signal_dbm_max,0.014672227739066769
rf_per_bssid,RogueAP_38.csv,radiotap_signal_dbm_min,0.01151558500186597
rf_per_bssid,RogueAP_38.csv,radiotap_signal_dbm_p25,0.01149460099656961
rf_per_bssid,RogueAP_38.csv,radiotap_signal_dbm_std,0.011037397882003754
rf_per_bssid,RogueAP_38.csv,radiotap_signal_dbm_p50,0.010959943563800369
rf_per_bssid,RogueAP_38.csv,fc_type_1_ratio,0.0083918551766914
rf_per_bssid,RogueAP_38.csv,radiotap_signal_dbm_p75,0.008118268569836745
rf_per_bssid,RogueAP_38.csv,wlan_duration_min,0.006684868496509459
xgb_per_bssid,RogueAP_38.csv,fixed_beacon_ratio,0.48093825578689575
xgb_per_bssid,RogueAP_38.csv,fixed_beacon_present_ratio,0.17012210190296173
xgb_per_bssid,RogueAP_38.csv,radiotap_signal_dbm_max,0.032478056848049164
xgb_per_bssid,RogueAP_38.csv,radiotap_signal_dbm_std,0.02188374288380146
xgb_per_bssid,RogueAP_38.csv,cap_ess_present_ratio,0.019904347136616707
xgb_per_bssid,RogueAP_38.csv,radiotap_signal_dbm_mean,0.013042609207332134
xgb_per_bssid,RogueAP_38.csv,fc_subtype_0_ratio,0.00945773534476757
xgb_per_bssid,RogueAP_38.csv,cap_ess_ratio,0.009445946663618088
xgb_per_bssid,RogueAP_38.csv,seq_present_ratio,0.009262052364647388
xgb_per_bssid,RogueAP_38.csv,fc_subtype_11_ratio,0.008524506352841854
xgb_per_bssid,RogueAP_38.csv,fc_type_1_ratio,0.007836176082491875
xgb_per_bssid,RogueAP_38.csv,radiotap_signal_dbm_p25,0.007173815276473761
xgb_per_bssid,RogueAP_38.csv,wlan_duration_p50,0.007014747709035873
xgb_per_bssid,RogueAP_38.csv,radio_signal_dbm_p50,0.006443269085139036
xgb_per_bssid,RogueAP_38.csv,frame_len_std,0.006421433296054602
xgb_per_bssid,RogueAP_38.csv,fc_type_2_ratio,0.006166019011288881
xgb_per_bssid,RogueAP_38.csv,fc_subtype_8_ratio,0.006044653709977865
xgb_per_bssid,RogueAP_38.csv,fc_type_nunique,0.005995057988911867
xgb_per_bssid,RogueAP_38.csv,radiotap_signal_dbm_range,0.00565293338149786
xgb_per_bssid,RogueAP_38.csv,fc_ds_00000000_ratio,0.005297393538057804
xgb_per_bssid,RogueAP_38.csv,radio_signal_dbm_min,0.005240673664957285
xgb_per_bssid,RogueAP_38.csv,beacon_iat_mean,0.004972574766725302
xgb_per_bssid,RogueAP_38.csv,udp_length_present_ratio,0.004958181641995907
xgb_per_bssid,RogueAP_38.csv,moredata_ratio,0.004951838869601488
xgb_per_bssid,RogueAP_38.csv,frame_len_range,0.004778860602527857
rf_per_bssid,RogueAP_39.csv,cap_ess_present_ratio,0.09495334198449475
rf_per_bssid,RogueAP_39.csv,fixed_beacon_present_ratio,0.09337269287600168
rf_per_bssid,RogueAP_39.csv,cap_ess_ratio,0.08676751958020656
rf_per_bssid,RogueAP_39.csv,ssid_nunique,0.0826219688793122
rf_per_bssid,RogueAP_39.csv,fixed_beacon_ratio,0.07776850394905636
rf_per_bssid,RogueAP_39.csv,ssid_present_ratio,0.0662469526213518
rf_per_bssid,RogueAP_39.csv,cap_ibss_present_ratio,0.058950927007407
rf_per_bssid,RogueAP_39.csv,tag_length_present_ratio,0.05826434799728921
rf_per_bssid,RogueAP_39.csv,fc_type_0_ratio,0.03934269505363941
rf_per_bssid,RogueAP_39.csv,fc_type_nunique,0.038259366913015555
rf_per_bssid,RogueAP_39.csv,radio_data_rate_min,0.021600424362429378
rf_per_bssid,RogueAP_39.csv,radiotap_datarate_min,0.01968409917626901
rf_per_bssid,RogueAP_39.csv,radiotap_signal_dbm_range,0.019637609305792603
rf_per_bssid,RogueAP_39.csv,radiotap_datarate_range,0.019417256697580442
rf_per_bssid,RogueAP_39.csv,radiotap_datarate_mean,0.018080513682661472
rf_per_bssid,RogueAP_39.csv,radiotap_datarate_std,0.01642417663330965
rf_per_bssid,RogueAP_39.csv,radiotap_signal_dbm_mean,0.014927916019859346
rf_per_bssid,RogueAP_39.csv,radiotap_signal_dbm_max,0.014672227739066769
rf_per_bssid,RogueAP_39.csv,radiotap_signal_dbm_min,0.01151558500186597
rf_per_bssid,RogueAP_39.csv,radiotap_signal_dbm_p25,0.01149460099656961
rf_per_bssid,RogueAP_39.csv,radiotap_signal_dbm_std,0.011037397882003754
rf_per_bssid,RogueAP_39.csv,radiotap_signal_dbm_p50,0.010959943563800369
rf_per_bssid,RogueAP_39.csv,fc_type_1_ratio,0.0083918551766914
rf_per_bssid,RogueAP_39.csv,radiotap_signal_dbm_p75,0.008118268569836745
rf_per_bssid,RogueAP_39.csv,wlan_duration_min,0.006684868496509459
xgb_per_bssid,RogueAP_39.csv,fixed_beacon_ratio,0.48093825578689575
xgb_per_bssid,RogueAP_39.csv,fixed_beacon_present_ratio,0.17012210190296173
xgb_per_bssid,RogueAP_39.csv,radiotap_signal_dbm_max,0.032478056848049164
xgb_per_bssid,RogueAP_39.csv,radiotap_signal_dbm_std,0.02188374288380146
xgb_per_bssid,RogueAP_39.csv,cap_ess_present_ratio,0.019904347136616707
xgb_per_bssid,RogueAP_39.csv,radiotap_signal_dbm_mean,0.013042609207332134
xgb_per_bssid,RogueAP_39.csv,fc_subtype_0_ratio,0.00945773534476757
xgb_per_bssid,RogueAP_39.csv,cap_ess_ratio,0.009445946663618088
xgb_per_bssid,RogueAP_39.csv,seq_present_ratio,0.009262052364647388
xgb_per_bssid,RogueAP_39.csv,fc_subtype_11_ratio,0.008524506352841854
xgb_per_bssid,RogueAP_39.csv,fc_type_1_ratio,0.007836176082491875
xgb_per_bssid,RogueAP_39.csv,radiotap_signal_dbm_p25,0.007173815276473761
xgb_per_bssid,RogueAP_39.csv,wlan_duration_p50,0.007014747709035873
xgb_per_bssid,RogueAP_39.csv,radio_signal_dbm_p50,0.006443269085139036
xgb_per_bssid,RogueAP_39.csv,frame_len_std,0.006421433296054602
xgb_per_bssid,RogueAP_39.csv,fc_type_2_ratio,0.006166019011288881
xgb_per_bssid,RogueAP_39.csv,fc_subtype_8_ratio,0.006044653709977865
xgb_per_bssid,RogueAP_39.csv,fc_type_nunique,0.005995057988911867
xgb_per_bssid,RogueAP_39.csv,radiotap_signal_dbm_range,0.00565293338149786
xgb_per_bssid,RogueAP_39.csv,fc_ds_00000000_ratio,0.005297393538057804
xgb_per_bssid,RogueAP_39.csv,radio_signal_dbm_min,0.005240673664957285
xgb_per_bssid,RogueAP_39.csv,beacon_iat_mean,0.004972574766725302
xgb_per_bssid,RogueAP_39.csv,udp_length_present_ratio,0.004958181641995907
xgb_per_bssid,RogueAP_39.csv,moredata_ratio,0.004951838869601488
xgb_per_bssid,RogueAP_39.csv,frame_len_range,0.004778860602527857
