model,test_file,val_file,policy,test_windows,test_positive_windows,threshold,precision,recall,f1,fpr,auroc,pr_auc,tn,fp,fn,tp
rf_per_bssid,RogueAP_23.csv,RogueAP_39.csv,best_f1,1000,1,0.5708911996878593,0.022222222222222223,1.0,0.043478260869565216,0.044044044044044044,0.98998998998999,0.09090909090909091,955,44,0,1
rf_per_bssid,RogueAP_23.csv,RogueAP_39.csv,fpr_le_0.20,1000,1,0.5285118043634929,0.016666666666666666,1.0,0.03278688524590164,0.05905905905905906,0.98998998998999,0.09090909090909091,940,59,0,1
rf_per_bssid,RogueAP_23.csv,RogueAP_39.csv,fpr_le_0.30,1000,1,0.5285118043634929,0.016666666666666666,1.0,0.03278688524590164,0.05905905905905906,0.98998998998999,0.09090909090909091,940,59,0,1
xgb_per_bssid,RogueAP_23.csv,RogueAP_39.csv,best_f1,1000,1,0.7168038153648392,0.01818181818181818,1.0,0.03571428571428571,0.05405405405405406,0.994994994994995,0.16666666666666666,945,54,0,1
xgb_per_bssid,RogueAP_23.csv,RogueAP_39.csv,fpr_le_0.20,1000,1,0.8451410531997681,0.037037037037037035,1.0,0.07142857142857142,0.026026026026026026,0.994994994994995,0.16666666666666666,973,26,0,1
xgb_per_bssid,RogueAP_23.csv,RogueAP_39.csv,fpr_le_0.30,1000,1,0.8451410531997681,0.037037037037037035,1.0,0.07142857142857142,0.026026026026026026,0.994994994994995,0.16666666666666666,973,26,0,1
rf_per_bssid,RogueAP_24.csv,RogueAP_39.csv,best_f1,1001,28,0.47337001506366105,0.11711711711711711,0.9285714285714286,0.208,0.2014388489208633,0.9062545881662016,0.13928777042284365,777,196,2,26
rf_per_bssid,RogueAP_24.csv,RogueAP_39.csv,fpr_le_0.20,1001,28,0.4271690281126119,0.11555555555555555,0.9285714285714286,0.20553359683794467,0.20452209660842754,0.9062545881662016,0.13928777042284365,774,199,2,26
rf_per_bssid,RogueAP_24.csv,RogueAP_39.csv,fpr_le_0.30,1001,28,0.4271690281126119,0.11555555555555555,0.9285714285714286,0.20553359683794467,0.20452209660842754,0.9062545881662016,0.13928777042284365,774,199,2,26
xgb_per_bssid,RogueAP_24.csv,RogueAP_39.csv,best_f1,1001,28,0.790044877529145,0.17687074829931973,0.9285714285714286,0.29714285714285715,0.12435765673175746,0.9347746292761709,0.19002755670428542,852,121,2,26
xgb_per_bssid,RogueAP_24.csv,RogueAP_39.csv,fpr_le_0.20,1001,28,0.8498807549476624,0.21008403361344538,0.8928571428571429,0.3401360544217687,0.09660842754367935,0.9347746292761709,0.19002755670428542,879,94,3,25
xgb_per_bssid,RogueAP_24.csv,RogueAP_39.csv,fpr_le_0.30,1001,28,0.8498807549476624,0.21008403361344538,0.8928571428571429,0.3401360544217687,0.09660842754367935,0.9347746292761709,0.19002755670428542,879,94,3,25
rf_per_bssid,RogueAP_25.csv,RogueAP_39.csv,best_f1,1001,83,0.49399625487166043,0.4819277108433735,0.963855421686747,0.642570281124498,0.09368191721132897,0.9645641389085755,0.65171311517356,832,86,3,80
rf_per_bssid,RogueAP_25.csv,RogueAP_39.csv,fpr_le_0.20,1001,83,0.44521106713858233,0.4682080924855491,0.9759036144578314,0.6328125,0.10021786492374728,0.9645641389085755,0.65171311517356,826,92,2,81
rf_per_bssid,RogueAP_25.csv,RogueAP_39.csv,fpr_le_0.30,1001,83,0.44521106713858233,0.4682080924855491,0.9759036144578314,0.6328125,0.10021786492374728,0.9645641389085755,0.65171311517356,826,92,2,81
xgb_per_bssid,RogueAP_25.csv,RogueAP_39.csv,best_f1,1001,83,0.6697366714477556,0.5157232704402516,0.9879518072289156,0.6776859504132231,0.08387799564270153,0.9704898023466415,0.7387232330969737,841,77,1,82
xgb_per_bssid,RogueAP_25.csv,RogueAP_39.csv,fpr_le_0.20,1001,83,0.8137210011482239,0.5302013422818792,0.9518072289156626,0.6810344827586207,0.07625272331154684,0.9704898023466415,0.7387232330969737,848,70,4,79
xgb_per_bssid,RogueAP_25.csv,RogueAP_39.csv,fpr_le_0.30,1001,83,0.8137210011482239,0.5302013422818792,0.9518072289156626,0.6810344827586207,0.07625272331154684,0.9704898023466415,0.7387232330969737,848,70,4,79
rf_per_bssid,RogueAP_26.csv,RogueAP_39.csv,best_f1,1000,79,0.549065146577064,0.5302013422818792,1.0,0.6929824561403509,0.07600434310532031,0.9794252257452686,0.7443459315820888,851,70,0,79
rf_per_bssid,RogueAP_26.csv,RogueAP_39.csv,fpr_le_0.20,1000,79,0.5052086480501936,0.5266666666666666,1.0,0.6899563318777293,0.07709011943539631,0.9794252257452686,0.7443459315820888,850,71,0,79
rf_per_bssid,RogueAP_26.csv,RogueAP_39.csv,fpr_le_0.30,1000,79,0.5052086480501936,0.5266666666666666,1.0,0.6899563318777293,0.07709011943539631,0.9794252257452686,0.7443459315820888,850,71,0,79
xgb_per_bssid,RogueAP_26.csv,RogueAP_39.csv,best_f1,1000,79,0.7512175631523141,0.5642857142857143,1.0,0.7214611872146118,0.06623235613463627,0.9815692903970642,0.7961142144038882,860,61,0,79
xgb_per_bssid,RogueAP_26.csv,RogueAP_39.csv,fpr_le_0.20,1000,79,0.8236987590789795,0.572463768115942,1.0,0.728110599078341,0.06406080347448426,0.9815692903970642,0.7961142144038882,862,59,0,79
xgb_per_bssid,RogueAP_26.csv,RogueAP_39.csv,fpr_le_0.30,1000,79,0.8236987590789795,0.572463768115942,1.0,0.728110599078341,0.06406080347448426,0.9815692903970642,0.7961142144038882,862,59,0,79
rf_per_bssid,RogueAP_27.csv,RogueAP_39.csv,best_f1,997,70,0.5099432136938504,0.4806201550387597,0.8857142857142857,0.6231155778894473,0.07227615965480043,0.9685775928494376,0.6549491504076286,860,67,8,62
rf_per_bssid,RogueAP_27.csv,RogueAP_39.csv,fpr_le_0.20,997,70,0.45570893806483664,0.4732824427480916,0.8857142857142857,0.6169154228855721,0.0744336569579288,0.9685775928494376,0.6549491504076286,858,69,8,62
rf_per_bssid,RogueAP_27.csv,RogueAP_39.csv,fpr_le_0.30,997,70,0.45570893806483664,0.4732824427480916,0.8857142857142857,0.6169154228855721,0.0744336569579288,0.9685775928494376,0.6549491504076286,858,69,8,62
xgb_per_bssid,RogueAP_27.csv,RogueAP_39.csv,best_f1,997,70,0.6946893763542193,0.5371900826446281,0.9285714285714286,0.680628272251309,0.06040992448759439,0.9809215595623362,0.8041603092938969,871,56,5,65
xgb_per_bssid,RogueAP_27.csv,RogueAP_39.csv,fpr_le_0.20,997,70,0.8445901870727539,0.5729166666666666,0.7857142857142857,0.6626506024096386,0.04422869471413161,0.9809215595623362,0.8041603092938969,886,41,15,55
xgb_per_bssid,RogueAP_27.csv,RogueAP_39.csv,fpr_le_0.30,997,70,0.8445901870727539,0.5729166666666666,0.7857142857142857,0.6626506024096386,0.04422869471413161,0.9809215595623362,0.8041603092938969,886,41,15,55
rf_per_bssid,RogueAP_28.csv,RogueAP_39.csv,best_f1,1001,83,0.4385312966122125,0.5725190839694656,0.9036144578313253,0.7009345794392523,0.06100217864923747,0.9765335853216789,0.7509698204992479,862,56,8,75
rf_per_bssid,RogueAP_28.csv,RogueAP_39.csv,fpr_le_0.20,1001,83,0.3766802476323759,0.5704225352112676,0.9759036144578314,0.72,0.0664488017429194,0.9765335853216789,0.7509698204992479,857,61,2,81
rf_per_bssid,RogueAP_28.csv,RogueAP_39.csv,fpr_le_0.30,1001,83,0.3766802476323759,0.5704225352112676,0.9759036144578314,0.72,0.0664488017429194,0.9765335853216789,0.7509698204992479,857,61,2,81
xgb_per_bssid,RogueAP_28.csv,RogueAP_39.csv,best_f1,1001,83,0.731338675022126,0.628099173553719,0.9156626506024096,0.7450980392156863,0.049019607843137254,0.9852153712890779,0.8553875432162005,873,45,7,76
xgb_per_bssid,RogueAP_28.csv,RogueAP_39.csv,fpr_le_0.20,1001,83,0.800066351890564,0.7415730337078652,0.7951807228915663,0.7674418604651163,0.02505446623093682,0.9852153712890779,0.8553875432162005,895,23,17,66
xgb_per_bssid,RogueAP_28.csv,RogueAP_39.csv,fpr_le_0.30,1001,83,0.800066351890564,0.7415730337078652,0.7951807228915663,0.7674418604651163,0.02505446623093682,0.9852153712890779,0.8553875432162005,895,23,17,66
rf_per_bssid,RogueAP_29.csv,RogueAP_39.csv,best_f1,1001,164,0.5757387668529977,0.5597014925373134,0.9146341463414634,0.6944444444444444,0.14097968936678615,0.9578853046594982,0.799356416202927,719,118,14,150
rf_per_bssid,RogueAP_29.csv,RogueAP_39.csv,fpr_le_0.20,1001,164,0.524270210436172,0.5428571428571428,0.926829268292683,0.6846846846846847,0.15292712066905614,0.9578853046594982,0.799356416202927,709,128,12,152
rf_per_bssid,RogueAP_29.csv,RogueAP_39.csv,fpr_le_0.30,1001,164,0.524270210436172,0.5428571428571428,0.926829268292683,0.6846846846846847,0.15292712066905614,0.9578853046594982,0.799356416202927,709,128,12,152
xgb_per_bssid,RogueAP_29.csv,RogueAP_39.csv,best_f1,1001,164,0.8235338664054873,0.6696035242290749,0.926829268292683,0.7774936061381074,0.08960573476702509,0.9766223737506192,0.8840741583573278,762,75,12,152
xgb_per_bssid,RogueAP_29.csv,RogueAP_39.csv,fpr_le_0.20,1001,164,0.8182929158210754,0.6666666666666666,0.9390243902439024,0.779746835443038,0.09199522102747909,0.9766223737506192,0.8840741583573278,760,77,10,154
xgb_per_bssid,RogueAP_29.csv,RogueAP_39.csv,fpr_le_0.30,1001,164,0.8182929158210754,0.6666666666666666,0.9390243902439024,0.779746835443038,0.09199522102747909,0.9766223737506192,0.8840741583573278,760,77,10,154
rf_per_bssid,RogueAP_30.csv,RogueAP_39.csv,best_f1,1002,57,0.5227454142197756,0.4435483870967742,0.9649122807017544,0.6077348066298343,0.07301587301587302,0.9726538568643832,0.5689678737496473,876,69,2,55
rf_per_bssid,RogueAP_30.csv,RogueAP_39.csv,fpr_le_0.20,1002,57,0.47594476657929113,0.4409448818897638,0.9824561403508771,0.6086956521739131,0.07513227513227513,0.9726538568643832,0.5689678737496473,874,71,1,56
rf_per_bssid,RogueAP_30.csv,RogueAP_39.csv,fpr_le_0.30,1002,57,0.47594476657929113,0.4409448818897638,0.9824561403508771,0.6086956521739131,0.07513227513227513,0.9726538568643832,0.5689678737496473,874,71,1,56
xgb_per_bssid,RogueAP_30.csv,RogueAP_39.csv,best_f1,1002,57,0.751785287857057,0.49557522123893805,0.9824561403508771,0.6588235294117647,0.06031746031746032,0.9772022649215633,0.6423725590177458,888,57,1,56
xgb_per_bssid,RogueAP_30.csv,RogueAP_39.csv,fpr_le_0.20,1002,57,0.8606517910957336,0.53125,0.8947368421052632,0.6666666666666666,0.047619047619047616,0.9772022649215633,0.6423725590177458,900,45,6,51
xgb_per_bssid,RogueAP_30.csv,RogueAP_39.csv,fpr_le_0.30,1002,57,0.8606517910957336,0.53125,0.8947368421052632,0.6666666666666666,0.047619047619047616,0.9772022649215633,0.6423725590177458,900,45,6,51
rf_per_bssid,RogueAP_31.csv,RogueAP_39.csv,best_f1,1001,61,0.5189280071613379,0.5714285714285714,0.9836065573770492,0.7228915662650602,0.047872340425531915,0.9830484827345657,0.7092940438229774,895,45,1,60
rf_per_bssid,RogueAP_31.csv,RogueAP_39.csv,fpr_le_0.20,1001,61,0.46483007812832605,0.5504587155963303,0.9836065573770492,0.7058823529411765,0.052127659574468084,0.9830484827345657,0.7092940438229774,891,49,1,60
rf_per_bssid,RogueAP_31.csv,RogueAP_39.csv,fpr_le_0.30,1001,61,0.46483007812832605,0.5504587155963303,0.9836065573770492,0.7058823529411765,0.052127659574468084,0.9830484827345657,0.7092940438229774,891,49,1,60
xgb_per_bssid,RogueAP_31.csv,RogueAP_39.csv,best_f1,1001,61,0.6575603079795861,0.5673076923076923,0.9672131147540983,0.7151515151515152,0.047872340425531915,0.9839902336937565,0.7252248570315232,895,45,2,59
xgb_per_bssid,RogueAP_31.csv,RogueAP_39.csv,fpr_le_0.20,1001,61,0.8504601120948792,0.6043956043956044,0.9016393442622951,0.7236842105263158,0.03829787234042553,0.9839902336937565,0.7252248570315232,904,36,6,55
xgb_per_bssid,RogueAP_31.csv,RogueAP_39.csv,fpr_le_0.30,1001,61,0.8504601120948792,0.6043956043956044,0.9016393442622951,0.7236842105263158,0.03829787234042553,0.9839902336937565,0.7252248570315232,904,36,6,55
rf_per_bssid,RogueAP_32.csv,RogueAP_39.csv,best_f1,1003,64,0.4766075064007082,0.5166666666666667,0.96875,0.6739130434782609,0.0617678381256656,0.967701677316294,0.512362120804404,881,58,2,62
rf_per_bssid,RogueAP_32.csv,RogueAP_39.csv,fpr_le_0.20,1003,64,0.4108221303265582,0.5080645161290323,0.984375,0.6702127659574468,0.06496272630457935,0.967701677316294,0.512362120804404,878,61,1,63
rf_per_bssid,RogueAP_32.csv,RogueAP_39.csv,fpr_le_0.30,1003,64,0.4108221303265582,0.5080645161290323,0.984375,0.6702127659574468,0.06496272630457935,0.967701677316294,0.512362120804404,878,61,1,63
xgb_per_bssid,RogueAP_32.csv,RogueAP_39.csv,best_f1,1003,64,0.6834847974777241,0.5254237288135594,0.96875,0.6813186813186813,0.059637912673056445,0.9760716187433439,0.6402395425782585,883,56,2,62
xgb_per_bssid,RogueAP_32.csv,RogueAP_39.csv,fpr_le_0.20,1003,64,0.8386942148208618,0.5495495495495496,0.953125,0.6971428571428572,0.05324813631522897,0.9760716187433439,0.6402395425782585,889,50,3,61
xgb_per_bssid,RogueAP_32.csv,RogueAP_39.csv,fpr_le_0.30,1003,64,0.8386942148208618,0.5495495495495496,0.953125,0.6971428571428572,0.05324813631522897,0.9760716187433439,0.6402395425782585,889,50,3,61
rf_per_bssid,RogueAP_33.csv,RogueAP_39.csv,best_f1,1002,67,0.3787779969865498,0.55,0.9850746268656716,0.7058823529411765,0.057754010695187166,0.983494293239684,0.7736135370777655,881,54,1,66
rf_per_bssid,RogueAP_33.csv,RogueAP_39.csv,fpr_le_0.20,1002,67,0.3153157360526186,0.5447154471544715,1.0,0.7052631578947368,0.059893048128342244,0.983494293239684,0.7736135370777655,879,56,0,67
rf_per_bssid,RogueAP_33.csv,RogueAP_39.csv,fpr_le_0.30,1002,67,0.3153157360526186,0.5447154471544715,1.0,0.7052631578947368,0.059893048128342244,0.983494293239684,0.7736135370777655,879,56,0,67
xgb_per_bssid,RogueAP_33.csv,RogueAP_39.csv,best_f1,1002,67,0.7520076799392709,0.6036036036036037,1.0,0.7528089887640449,0.047058823529411764,0.9857610344001916,0.8115680903856657,891,44,0,67
xgb_per_bssid,RogueAP_33.csv,RogueAP_39.csv,fpr_le_0.20,1002,67,0.8229296207427979,0.6226415094339622,0.9850746268656716,0.7630057803468208,0.0427807486631016,0.9857610344001916,0.8115680903856657,895,40,1,66
xgb_per_bssid,RogueAP_33.csv,RogueAP_39.csv,fpr_le_0.30,1002,67,0.8229296207427979,0.6226415094339622,0.9850746268656716,0.7630057803468208,0.0427807486631016,0.9857610344001916,0.8115680903856657,895,40,1,66
rf_per_bssid,RogueAP_34.csv,RogueAP_39.csv,best_f1,1003,91,0.5290308345107199,0.6382978723404256,0.989010989010989,0.7758620689655172,0.05592105263157895,0.9799619240408715,0.7901041416976828,861,51,1,90
rf_per_bssid,RogueAP_34.csv,RogueAP_39.csv,fpr_le_0.20,1003,91,0.4857017158631199,0.6206896551724138,0.989010989010989,0.7627118644067796,0.06030701754385965,0.9799619240408715,0.7901041416976828,857,55,1,90
rf_per_bssid,RogueAP_34.csv,RogueAP_39.csv,fpr_le_0.30,1003,91,0.4857017158631199,0.6206896551724138,0.989010989010989,0.7627118644067796,0.06030701754385965,0.9799619240408715,0.7901041416976828,857,55,1,90
xgb_per_bssid,RogueAP_34.csv,RogueAP_39.csv,best_f1,1003,91,0.7146914410591136,0.6642335766423357,1.0,0.7982456140350878,0.05043859649122807,0.988131386157702,0.8783499011319862,866,46,0,91
xgb_per_bssid,RogueAP_34.csv,RogueAP_39.csv,fpr_le_0.20,1003,91,0.8078525066375732,0.6818181818181818,0.989010989010989,0.8071748878923767,0.046052631578947366,0.988131386157702,0.8783499011319862,870,42,1,90
xgb_per_bssid,RogueAP_34.csv,RogueAP_39.csv,fpr_le_0.30,1003,91,0.8078525066375732,0.6818181818181818,0.989010989010989,0.8071748878923767,0.046052631578947366,0.988131386157702,0.8783499011319862,870,42,1,90
rf_per_bssid,RogueAP_35.csv,RogueAP_39.csv,best_f1,1003,130,0.5420769941514666,0.6470588235294118,0.9307692307692308,0.7634069400630915,0.07560137457044673,0.9637941668869503,0.7317535977866589,807,66,9,121
rf_per_bssid,RogueAP_35.csv,RogueAP_39.csv,fpr_le_0.20,1003,130,0.4947723765394223,0.6421052631578947,0.9384615384615385,0.7625,0.07789232531500573,0.9637941668869503,0.7317535977866589,805,68,8,122
rf_per_bssid,RogueAP_35.csv,RogueAP_39.csv,fpr_le_0.30,1003,130,0.4947723765394223,0.6421052631578947,0.9384615384615385,0.7625,0.07789232531500573,0.9637941668869503,0.7317535977866589,805,68,8,122
xgb_per_bssid,RogueAP_35.csv,RogueAP_39.csv,best_f1,1003,130,0.5788663363456753,0.675531914893617,0.9769230769230769,0.7987421383647799,0.06987399770904926,0.9757027050841485,0.8324513802216604,812,61,3,127
xgb_per_bssid,RogueAP_35.csv,RogueAP_39.csv,fpr_le_0.20,1003,130,0.8015404343605042,0.6871508379888268,0.9461538461538461,0.7961165048543689,0.06414662084765177,0.9757027050841485,0.8324513802216604,817,56,7,123
xgb_per_bssid,RogueAP_35.csv,RogueAP_39.csv,fpr_le_0.30,1003,130,0.8015404343605042,0.6871508379888268,0.9461538461538461,0.7961165048543689,0.06414662084765177,0.9757027050841485,0.8324513802216604,817,56,7,123
rf_per_bssid,RogueAP_36.csv,RogueAP_39.csv,best_f1,1003,67,0.5633982451735653,0.5454545454545454,0.9850746268656716,0.7021276595744681,0.05876068376068376,0.9806416634774844,0.7116203144566564,881,55,1,66
rf_per_bssid,RogueAP_36.csv,RogueAP_39.csv,fpr_le_0.20,1003,67,0.5187317873710416,0.5365853658536586,0.9850746268656716,0.6947368421052632,0.060897435897435896,0.9806416634774844,0.7116203144566564,879,57,1,66
rf_per_bssid,RogueAP_36.csv,RogueAP_39.csv,fpr_le_0.30,1003,67,0.5187317873710416,0.5365853658536586,0.9850746268656716,0.6947368421052632,0.060897435897435896,0.9806416634774844,0.7116203144566564,879,57,1,66
xgb_per_bssid,RogueAP_36.csv,RogueAP_39.csv,best_f1,1003,67,0.7121457457542437,0.5454545454545454,0.9850746268656716,0.7021276595744681,0.05876068376068376,0.9820130118637582,0.7636208038717975,881,55,1,66
xgb_per_bssid,RogueAP_36.csv,RogueAP_39.csv,fpr_le_0.20,1003,67,0.8594439625740051,0.5555555555555556,0.9701492537313433,0.7065217391304348,0.05555555555555555,0.9820130118637582,0.7636208038717975,884,52,2,65
xgb_per_bssid,RogueAP_36.csv,RogueAP_39.csv,fpr_le_0.30,1003,67,0.8594439625740051,0.5555555555555556,0.9701492537313433,0.7065217391304348,0.05555555555555555,0.9820130118637582,0.7636208038717975,884,52,2,65
rf_per_bssid,RogueAP_37.csv,RogueAP_39.csv,best_f1,1001,105,0.5035844683779291,0.5675675675675675,1.0,0.7241379310344828,0.08928571428571429,0.9732780612244898,0.7546129077298971,816,80,0,105
rf_per_bssid,RogueAP_37.csv,RogueAP_39.csv,fpr_le_0.20,1001,105,0.4515240607841521,0.5526315789473685,1.0,0.711864406779661,0.09486607142857142,0.9732780612244898,0.7546129077298971,811,85,0,105
rf_per_bssid,RogueAP_37.csv,RogueAP_39.csv,fpr_le_0.30,1001,105,0.4515240607841521,0.5526315789473685,1.0,0.711864406779661,0.09486607142857142,0.9732780612244898,0.7546129077298971,811,85,0,105
xgb_per_bssid,RogueAP_37.csv,RogueAP_39.csv,best_f1,1001,105,0.7014538884162917,0.5833333333333334,1.0,0.7368421052631579,0.08370535714285714,0.9729007227891155,0.7606074779026543,821,75,0,105
xgb_per_bssid,RogueAP_37.csv,RogueAP_39.csv,fpr_le_0.20,1001,105,0.8259249925613403,0.5932203389830508,1.0,0.7446808510638298,0.08035714285714286,0.9729007227891155,0.7606074779026543,824,72,0,105
xgb_per_bssid,RogueAP_37.csv,RogueAP_39.csv,fpr_le_0.30,1001,105,0.8259249925613403,0.5932203389830508,1.0,0.7446808510638298,0.08035714285714286,0.9729007227891155,0.7606074779026543,824,72,0,105
rf_per_bssid,RogueAP_38.csv,RogueAP_39.csv,best_f1,1003,114,0.5659722141699489,0.6706586826347305,0.9824561403508771,0.797153024911032,0.06186726659167604,0.9730724448917569,0.744570287506962,834,55,2,112
rf_per_bssid,RogueAP_38.csv,RogueAP_39.csv,fpr_le_0.20,1003,114,0.5222996313772008,0.6608187134502924,0.9912280701754386,0.7929824561403509,0.06524184476940383,0.9730724448917569,0.744570287506962,831,58,1,113
rf_per_bssid,RogueAP_38.csv,RogueAP_39.csv,fpr_le_0.30,1003,114,0.5222996313772008,0.6608187134502924,0.9912280701754386,0.7929824561403509,0.06524184476940383,0.9730724448917569,0.744570287506962,831,58,1,113
xgb_per_bssid,RogueAP_38.csv,RogueAP_39.csv,best_f1,1003,114,0.7380498266220102,0.6745562130177515,1.0,0.8056537102473498,0.06186726659167604,0.9883961873186904,0.9091676711934095,834,55,0,114
xgb_per_bssid,RogueAP_38.csv,RogueAP_39.csv,fpr_le_0.20,1003,114,0.8151865005493164,0.6766467065868264,0.9912280701754386,0.8042704626334519,0.06074240719910011,0.9883961873186904,0.9091676711934095,835,54,1,113
xgb_per_bssid,RogueAP_38.csv,RogueAP_39.csv,fpr_le_0.30,1003,114,0.8151865005493164,0.6766467065868264,0.9912280701754386,0.8042704626334519,0.06074240719910011,0.9883961873186904,0.9091676711934095,835,54,1,113
rf_per_bssid,RogueAP_39.csv,RogueAP_38.csv,best_f1,465,24,0.7638202094453618,0.5384615384615384,0.875,0.6666666666666666,0.04081632653061224,0.9798752834467119,0.6926650946356115,423,18,3,21
rf_per_bssid,RogueAP_39.csv,RogueAP_38.csv,fpr_le_0.20,465,24,0.22825182369616862,0.5217391304347826,1.0,0.6857142857142857,0.049886621315192746,0.9798752834467119,0.6926650946356115,419,22,0,24
rf_per_bssid,RogueAP_39.csv,RogueAP_38.csv,fpr_le_0.30,465,24,0.22825182369616862,0.5217391304347826,1.0,0.6857142857142857,0.049886621315192746,0.9798752834467119,0.6926650946356115,419,22,0,24
xgb_per_bssid,RogueAP_39.csv,RogueAP_38.csv,best_f1,465,24,0.9179830431938169,0.5675675675675675,0.875,0.6885245901639344,0.036281179138321996,0.9813869992441421,0.6764330788872177,425,16,3,21
xgb_per_bssid,RogueAP_39.csv,RogueAP_38.csv,fpr_le_0.20,465,24,0.8076229691505432,0.5714285714285714,1.0,0.7272727272727273,0.04081632653061224,0.9813869992441421,0.6764330788872177,423,18,0,24
xgb_per_bssid,RogueAP_39.csv,RogueAP_38.csv,fpr_le_0.30,465,24,0.8076229691505432,0.5714285714285714,1.0,0.7272727272727273,0.04081632653061224,0.9813869992441421,0.6764330788872177,423,18,0,24
