feature_set,model,test_file,val_file,policy,feature_count,test_windows,test_positive_windows,threshold,precision,recall,f1,fpr,auroc,pr_auc,tn,fp,fn,tp
full,xgb_per_bssid,RogueAP_23.csv,RogueAP_39.csv,best_f1,143,1000,1,0.7168038153648392,0.01818181818181818,1.0,0.03571428571428571,0.05405405405405406,0.994994994994995,0.16666666666666666,945,54,0,1
full,xgb_per_bssid,RogueAP_23.csv,RogueAP_39.csv,fpr_le_0.20,143,1000,1,0.8451410531997681,0.037037037037037035,1.0,0.07142857142857142,0.026026026026026026,0.994994994994995,0.16666666666666666,973,26,0,1
full,rf_per_bssid,RogueAP_23.csv,RogueAP_39.csv,best_f1,143,1000,1,0.563628554674452,0.022727272727272728,1.0,0.044444444444444446,0.043043043043043044,0.98998998998999,0.09090909090909091,956,43,0,1
full,rf_per_bssid,RogueAP_23.csv,RogueAP_39.csv,fpr_le_0.20,143,1000,1,0.5170332629914728,0.016666666666666666,1.0,0.03278688524590164,0.05905905905905906,0.98998998998999,0.09090909090909091,940,59,0,1
full,xgb_per_bssid,RogueAP_24.csv,RogueAP_39.csv,best_f1,143,1001,28,0.790044877529145,0.17687074829931973,0.9285714285714286,0.29714285714285715,0.12435765673175746,0.9347746292761709,0.19002755670428542,852,121,2,26
full,xgb_per_bssid,RogueAP_24.csv,RogueAP_39.csv,fpr_le_0.20,143,1001,28,0.8498807549476624,0.21008403361344538,0.8928571428571429,0.3401360544217687,0.09660842754367935,0.9347746292761709,0.19002755670428542,879,94,3,25
full,rf_per_bssid,RogueAP_24.csv,RogueAP_39.csv,best_f1,143,1001,28,0.47122602139433584,0.11659192825112108,0.9285714285714286,0.20717131474103587,0.20246659815005139,0.9035016884451623,0.14946401102651946,776,197,2,26
full,rf_per_bssid,RogueAP_24.csv,RogueAP_39.csv,fpr_le_0.20,143,1001,28,0.4228105172992184,0.11555555555555555,0.9285714285714286,0.20553359683794467,0.20452209660842754,0.9035016884451623,0.14946401102651946,774,199,2,26
full,xgb_per_bssid,RogueAP_25.csv,RogueAP_39.csv,best_f1,143,1001,83,0.6697366714477556,0.5157232704402516,0.9879518072289156,0.6776859504132231,0.08387799564270153,0.9704898023466415,0.7387232330969737,841,77,1,82
full,xgb_per_bssid,RogueAP_25.csv,RogueAP_39.csv,fpr_le_0.20,143,1001,83,0.8137210011482239,0.5302013422818792,0.9518072289156626,0.6810344827586207,0.07625272331154684,0.9704898023466415,0.7387232330969737,848,70,4,79
full,rf_per_bssid,RogueAP_25.csv,RogueAP_39.csv,best_f1,143,1001,83,0.49599500492497767,0.4819277108433735,0.963855421686747,0.642570281124498,0.09368191721132897,0.9641704071186707,0.6514823719441348,832,86,3,80
full,rf_per_bssid,RogueAP_25.csv,RogueAP_39.csv,fpr_le_0.20,143,1001,83,0.44494131707581497,0.46285714285714286,0.9759036144578314,0.627906976744186,0.10239651416122005,0.9641704071186707,0.6514823719441348,824,94,2,81
full,xgb_per_bssid,RogueAP_26.csv,RogueAP_39.csv,best_f1,143,1000,79,0.7512175631523141,0.5642857142857143,1.0,0.7214611872146118,0.06623235613463627,0.9815692903970642,0.7961142144038882,860,61,0,79
full,xgb_per_bssid,RogueAP_26.csv,RogueAP_39.csv,fpr_le_0.20,143,1000,79,0.8236987590789795,0.572463768115942,1.0,0.728110599078341,0.06406080347448426,0.9815692903970642,0.7961142144038882,862,59,0,79
full,rf_per_bssid,RogueAP_26.csv,RogueAP_39.csv,best_f1,143,1000,79,0.552787671182991,0.5302013422818792,1.0,0.6929824561403509,0.07600434310532031,0.9791915776742396,0.7372368578905062,851,70,0,79
full,rf_per_bssid,RogueAP_26.csv,RogueAP_39.csv,fpr_le_0.20,143,1000,79,0.5069453348942593,0.5266666666666666,1.0,0.6899563318777293,0.07709011943539631,0.9791915776742396,0.7372368578905062,850,71,0,79
full,xgb_per_bssid,RogueAP_27.csv,RogueAP_39.csv,best_f1,143,997,70,0.6946893763542193,0.5371900826446281,0.9285714285714286,0.680628272251309,0.06040992448759439,0.9809215595623362,0.8041603092938969,871,56,5,65
full,xgb_per_bssid,RogueAP_27.csv,RogueAP_39.csv,fpr_le_0.20,143,997,70,0.8445901870727539,0.5729166666666666,0.7857142857142857,0.6626506024096386,0.04422869471413161,0.9809215595623362,0.8041603092938969,886,41,15,55
full,rf_per_bssid,RogueAP_27.csv,RogueAP_39.csv,best_f1,143,997,70,0.5009640999764289,0.4806201550387597,0.8857142857142857,0.6231155778894473,0.07227615965480043,0.9686392356295269,0.6548825569452317,860,67,8,62
full,rf_per_bssid,RogueAP_27.csv,RogueAP_39.csv,fpr_le_0.20,143,997,70,0.44726675491503676,0.4732824427480916,0.8857142857142857,0.6169154228855721,0.0744336569579288,0.9686392356295269,0.6548825569452317,858,69,8,62
full,xgb_per_bssid,RogueAP_28.csv,RogueAP_39.csv,best_f1,143,1001,83,0.731338675022126,0.628099173553719,0.9156626506024096,0.7450980392156863,0.049019607843137254,0.9852153712890779,0.8553875432162005,873,45,7,76
full,xgb_per_bssid,RogueAP_28.csv,RogueAP_39.csv,fpr_le_0.20,143,1001,83,0.800066351890564,0.7415730337078652,0.7951807228915663,0.7674418604651163,0.02505446623093682,0.9852153712890779,0.8553875432162005,895,23,17,66
full,rf_per_bssid,RogueAP_28.csv,RogueAP_39.csv,best_f1,143,1001,83,0.44382854592318577,0.5692307692307692,0.891566265060241,0.6948356807511737,0.06100217864923747,0.9763235950337297,0.7484769622367808,862,56,9,74
full,rf_per_bssid,RogueAP_28.csv,RogueAP_39.csv,fpr_le_0.20,143,1001,83,0.3797586510874509,0.574468085106383,0.9759036144578314,0.7232142857142857,0.06535947712418301,0.9763235950337297,0.7484769622367808,858,60,2,81
full,xgb_per_bssid,RogueAP_29.csv,RogueAP_39.csv,best_f1,143,1001,164,0.8235338664054873,0.6696035242290749,0.926829268292683,0.7774936061381074,0.08960573476702509,0.9766223737506192,0.8840741583573278,762,75,12,152
full,xgb_per_bssid,RogueAP_29.csv,RogueAP_39.csv,fpr_le_0.20,143,1001,164,0.8182929158210754,0.6666666666666666,0.9390243902439024,0.779746835443038,0.09199522102747909,0.9766223737506192,0.8840741583573278,760,77,10,154
full,rf_per_bssid,RogueAP_29.csv,RogueAP_39.csv,best_f1,143,1001,164,0.5833126108168225,0.5681818181818182,0.9146341463414634,0.7009345794392523,0.13620071684587814,0.9577687443541103,0.7987841826137612,723,114,14,150
full,rf_per_bssid,RogueAP_29.csv,RogueAP_39.csv,fpr_le_0.20,143,1001,164,0.5341624856021481,0.5451263537906137,0.9207317073170732,0.6848072562358276,0.15053763440860216,0.9577687443541103,0.7987841826137612,711,126,13,151
full,xgb_per_bssid,RogueAP_30.csv,RogueAP_39.csv,best_f1,143,1002,57,0.751785287857057,0.49557522123893805,0.9824561403508771,0.6588235294117647,0.06031746031746032,0.9772022649215633,0.6423725590177458,888,57,1,56
full,xgb_per_bssid,RogueAP_30.csv,RogueAP_39.csv,fpr_le_0.20,143,1002,57,0.8606517910957336,0.53125,0.8947368421052632,0.6666666666666666,0.047619047619047616,0.9772022649215633,0.6423725590177458,900,45,6,51
full,rf_per_bssid,RogueAP_30.csv,RogueAP_39.csv,best_f1,143,1002,57,0.533707134869676,0.44715447154471544,0.9649122807017544,0.6111111111111112,0.07195767195767196,0.9733407593056717,0.5778776143241164,877,68,2,55
full,rf_per_bssid,RogueAP_30.csv,RogueAP_39.csv,fpr_le_0.20,143,1002,57,0.4824110316731356,0.4409448818897638,0.9824561403508771,0.6086956521739131,0.07513227513227513,0.9733407593056717,0.5778776143241164,874,71,1,56
full,xgb_per_bssid,RogueAP_31.csv,RogueAP_39.csv,best_f1,143,1001,61,0.6575603079795861,0.5673076923076923,0.9672131147540983,0.7151515151515152,0.047872340425531915,0.9839902336937565,0.7252248570315232,895,45,2,59
full,xgb_per_bssid,RogueAP_31.csv,RogueAP_39.csv,fpr_le_0.20,143,1001,61,0.8504601120948792,0.6043956043956044,0.9016393442622951,0.7236842105263158,0.03829787234042553,0.9839902336937565,0.7252248570315232,904,36,6,55
full,rf_per_bssid,RogueAP_31.csv,RogueAP_39.csv,best_f1,143,1001,61,0.5230888996675636,0.5714285714285714,0.9836065573770492,0.7228915662650602,0.047872340425531915,0.9834844785490059,0.7134575166508726,895,45,1,60
full,rf_per_bssid,RogueAP_31.csv,RogueAP_39.csv,fpr_le_0.20,143,1001,61,0.47293302275918114,0.5545454545454546,1.0,0.7134502923976608,0.052127659574468084,0.9834844785490059,0.7134575166508726,891,49,0,61
full,xgb_per_bssid,RogueAP_32.csv,RogueAP_39.csv,best_f1,143,1003,64,0.6834847974777241,0.5254237288135594,0.96875,0.6813186813186813,0.059637912673056445,0.9760716187433439,0.6402395425782585,883,56,2,62
full,xgb_per_bssid,RogueAP_32.csv,RogueAP_39.csv,fpr_le_0.20,143,1003,64,0.8386942148208618,0.5495495495495496,0.953125,0.6971428571428572,0.05324813631522897,0.9760716187433439,0.6402395425782585,889,50,3,61
full,rf_per_bssid,RogueAP_32.csv,RogueAP_39.csv,best_f1,143,1003,64,0.4779898353503709,0.5210084033613446,0.96875,0.6775956284153005,0.06070287539936102,0.9680011980830672,0.5239056188300983,882,57,2,62
full,rf_per_bssid,RogueAP_32.csv,RogueAP_39.csv,fpr_le_0.20,143,1003,64,0.41321216285914447,0.5080645161290323,0.984375,0.6702127659574468,0.06496272630457935,0.9680011980830672,0.5239056188300983,878,61,1,63
full,xgb_per_bssid,RogueAP_33.csv,RogueAP_39.csv,best_f1,143,1002,67,0.7520076799392709,0.6036036036036037,1.0,0.7528089887640449,0.047058823529411764,0.9857610344001916,0.8115680903856657,891,44,0,67
full,xgb_per_bssid,RogueAP_33.csv,RogueAP_39.csv,fpr_le_0.20,143,1002,67,0.8229296207427979,0.6226415094339622,0.9850746268656716,0.7630057803468208,0.0427807486631016,0.9857610344001916,0.8115680903856657,895,40,1,66
full,rf_per_bssid,RogueAP_33.csv,RogueAP_39.csv,best_f1,143,1002,67,0.36624105827178666,0.55,0.9850746268656716,0.7058823529411765,0.057754010695187166,0.9837975895921462,0.7775013938824359,881,54,1,66
full,rf_per_bssid,RogueAP_33.csv,RogueAP_39.csv,fpr_le_0.20,143,1002,67,0.3005147983711736,0.5447154471544715,1.0,0.7052631578947368,0.059893048128342244,0.9837975895921462,0.7775013938824359,879,56,0,67
full,xgb_per_bssid,RogueAP_34.csv,RogueAP_39.csv,best_f1,143,1003,91,0.7146914410591136,0.6642335766423357,1.0,0.7982456140350878,0.05043859649122807,0.988131386157702,0.8783499011319862,866,46,0,91
full,xgb_per_bssid,RogueAP_34.csv,RogueAP_39.csv,fpr_le_0.20,143,1003,91,0.8078525066375732,0.6818181818181818,0.989010989010989,0.8071748878923767,0.046052631578947366,0.988131386157702,0.8783499011319862,870,42,1,90
full,rf_per_bssid,RogueAP_34.csv,RogueAP_39.csv,best_f1,143,1003,91,0.5329913221601992,0.6382978723404256,0.989010989010989,0.7758620689655172,0.05592105263157895,0.9800824175824175,0.7895351988594885,861,51,1,90
full,rf_per_bssid,RogueAP_34.csv,RogueAP_39.csv,fpr_le_0.20,143,1003,91,0.48948978591774983,0.6206896551724138,0.989010989010989,0.7627118644067796,0.06030701754385965,0.9800824175824175,0.7895351988594885,857,55,1,90
full,xgb_per_bssid,RogueAP_35.csv,RogueAP_39.csv,best_f1,143,1003,130,0.5788663363456753,0.675531914893617,0.9769230769230769,0.7987421383647799,0.06987399770904926,0.9757027050841485,0.8324513802216604,812,61,3,127
full,xgb_per_bssid,RogueAP_35.csv,RogueAP_39.csv,fpr_le_0.20,143,1003,130,0.8015404343605042,0.6871508379888268,0.9461538461538461,0.7961165048543689,0.06414662084765177,0.9757027050841485,0.8324513802216604,817,56,7,123
full,rf_per_bssid,RogueAP_35.csv,RogueAP_39.csv,best_f1,143,1003,130,0.5308202114183941,0.648936170212766,0.9384615384615385,0.7672955974842768,0.07560137457044673,0.9640056392633712,0.7327772167188243,807,66,8,122
full,rf_per_bssid,RogueAP_35.csv,RogueAP_39.csv,fpr_le_0.20,143,1003,130,0.4833830372823123,0.6458333333333334,0.9538461538461539,0.7701863354037267,0.07789232531500573,0.9640056392633712,0.7327772167188243,805,68,6,124
full,xgb_per_bssid,RogueAP_36.csv,RogueAP_39.csv,best_f1,143,1003,67,0.7121457457542437,0.5454545454545454,0.9850746268656716,0.7021276595744681,0.05876068376068376,0.9820130118637582,0.7636208038717975,881,55,1,66
full,xgb_per_bssid,RogueAP_36.csv,RogueAP_39.csv,fpr_le_0.20,143,1003,67,0.8594439625740051,0.5555555555555556,0.9701492537313433,0.7065217391304348,0.05555555555555555,0.9820130118637582,0.7636208038717975,884,52,2,65
full,rf_per_bssid,RogueAP_36.csv,RogueAP_39.csv,best_f1,143,1003,67,0.5655261449805007,0.5454545454545454,0.9850746268656716,0.7021276595744681,0.05876068376068376,0.9807692307692307,0.7120253986710898,881,55,1,66
full,rf_per_bssid,RogueAP_36.csv,RogueAP_39.csv,fpr_le_0.20,143,1003,67,0.5213628975318179,0.5365853658536586,0.9850746268656716,0.6947368421052632,0.060897435897435896,0.9807692307692307,0.7120253986710898,879,57,1,66
full,xgb_per_bssid,RogueAP_37.csv,RogueAP_39.csv,best_f1,143,1001,105,0.7014538884162917,0.5833333333333334,1.0,0.7368421052631579,0.08370535714285714,0.9729007227891155,0.7606074779026543,821,75,0,105
full,xgb_per_bssid,RogueAP_37.csv,RogueAP_39.csv,fpr_le_0.20,143,1001,105,0.8259249925613403,0.5932203389830508,1.0,0.7446808510638298,0.08035714285714286,0.9729007227891155,0.7606074779026543,824,72,0,105
full,rf_per_bssid,RogueAP_37.csv,RogueAP_39.csv,best_f1,143,1001,105,0.48446154747416204,0.5585106382978723,1.0,0.7167235494880546,0.09263392857142858,0.9737244897959183,0.7553512322479942,813,83,0,105
full,rf_per_bssid,RogueAP_37.csv,RogueAP_39.csv,fpr_le_0.20,143,1001,105,0.435237613563846,0.546875,1.0,0.7070707070707071,0.09709821428571429,0.9737244897959183,0.7553512322479942,809,87,0,105
full,xgb_per_bssid,RogueAP_38.csv,RogueAP_39.csv,best_f1,143,1003,114,0.7380498266220102,0.6745562130177515,1.0,0.8056537102473498,0.06186726659167604,0.9883961873186904,0.9091676711934095,834,55,0,114
full,xgb_per_bssid,RogueAP_38.csv,RogueAP_39.csv,fpr_le_0.20,143,1003,114,0.8151865005493164,0.6766467065868264,0.9912280701754386,0.8042704626334519,0.06074240719910011,0.9883961873186904,0.9091676711934095,835,54,1,113
full,rf_per_bssid,RogueAP_38.csv,RogueAP_39.csv,best_f1,143,1003,114,0.5586333032542397,0.6706586826347305,0.9824561403508771,0.797153024911032,0.06186726659167604,0.9732697886448404,0.7511583001143756,834,55,2,112
full,rf_per_bssid,RogueAP_38.csv,RogueAP_39.csv,fpr_le_0.20,143,1003,114,0.5139776287924878,0.6608187134502924,0.9912280701754386,0.7929824561403509,0.06524184476940383,0.9732697886448404,0.7511583001143756,831,58,1,113
full,xgb_per_bssid,RogueAP_39.csv,RogueAP_38.csv,best_f1,143,465,24,0.9179830431938169,0.5675675675675675,0.875,0.6885245901639344,0.036281179138321996,0.9813869992441421,0.6764330788872177,425,16,3,21
full,xgb_per_bssid,RogueAP_39.csv,RogueAP_38.csv,fpr_le_0.20,143,465,24,0.8076229691505432,0.5714285714285714,1.0,0.7272727272727273,0.04081632653061224,0.9813869992441421,0.6764330788872177,423,18,0,24
full,rf_per_bssid,RogueAP_39.csv,RogueAP_38.csv,best_f1,143,465,24,0.6352347956200405,0.5476190476190477,0.9583333333333334,0.696969696969697,0.04308390022675737,0.979875283446712,0.6987744733851505,422,19,1,23
full,rf_per_bssid,RogueAP_39.csv,RogueAP_38.csv,fpr_le_0.20,143,465,24,0.23628184597503596,0.5217391304347826,1.0,0.6857142857142857,0.049886621315192746,0.979875283446712,0.6987744733851505,419,22,0,24
drop_mgmt_fingerprint,xgb_per_bssid,RogueAP_23.csv,RogueAP_39.csv,best_f1,121,1000,1,0.7931911468505859,0.0136986301369863,1.0,0.02702702702702703,0.07207207207207207,0.997997997997998,0.3333333333333333,927,72,0,1
drop_mgmt_fingerprint,xgb_per_bssid,RogueAP_23.csv,RogueAP_39.csv,fpr_le_0.20,121,1000,1,0.6298143267631531,0.01,1.0,0.019801980198019802,0.0990990990990991,0.997997997997998,0.3333333333333333,900,99,0,1
drop_mgmt_fingerprint,rf_per_bssid,RogueAP_23.csv,RogueAP_39.csv,best_f1,121,1000,1,0.631297652193974,0.0196078431372549,1.0,0.038461538461538464,0.05005005005005005,0.9939939939939939,0.14285714285714285,949,50,0,1
drop_mgmt_fingerprint,rf_per_bssid,RogueAP_23.csv,RogueAP_39.csv,fpr_le_0.20,121,1000,1,0.533908583962411,0.014925373134328358,1.0,0.029411764705882353,0.06606606606606606,0.9939939939939939,0.14285714285714285,933,66,0,1
drop_mgmt_fingerprint,xgb_per_bssid,RogueAP_24.csv,RogueAP_39.csv,best_f1,121,1001,28,0.8150002598762512,0.0794979079497908,0.6785714285714286,0.14232209737827714,0.2261048304213772,0.7775657025400088,0.05930424384202879,753,220,9,19
drop_mgmt_fingerprint,xgb_per_bssid,RogueAP_24.csv,RogueAP_39.csv,fpr_le_0.20,121,1001,28,0.6183736324310303,0.0696969696969697,0.8214285714285714,0.12849162011173185,0.31551901336073995,0.7775657025400088,0.05930424384202879,666,307,5,23
drop_mgmt_fingerprint,rf_per_bssid,RogueAP_24.csv,RogueAP_39.csv,best_f1,121,1001,28,0.6749643309174034,0.0859375,0.7857142857142857,0.15492957746478872,0.24049331963001028,0.7755469094112465,0.05973320990692642,739,234,6,22
drop_mgmt_fingerprint,rf_per_bssid,RogueAP_24.csv,RogueAP_39.csv,fpr_le_0.20,121,1001,28,0.4951104774697419,0.07162534435261708,0.9285714285714286,0.1329923273657289,0.34635149023638234,0.7755469094112465,0.05973320990692642,636,337,2,26
drop_mgmt_fingerprint,xgb_per_bssid,RogueAP_25.csv,RogueAP_39.csv,best_f1,121,1001,83,0.8612697982788088,0.41228070175438597,0.5662650602409639,0.47715736040609136,0.07298474945533769,0.9024857600335984,0.4773575800441573,851,67,36,47
drop_mgmt_fingerprint,xgb_per_bssid,RogueAP_25.csv,RogueAP_39.csv,fpr_le_0.20,121,1001,83,0.6978259682655334,0.2611683848797251,0.9156626506024096,0.40641711229946526,0.23420479302832245,0.9024857600335984,0.4773575800441573,703,215,7,76
drop_mgmt_fingerprint,rf_per_bssid,RogueAP_25.csv,RogueAP_39.csv,best_f1,121,1001,83,0.6811999487826222,0.2425531914893617,0.6867469879518072,0.3584905660377358,0.19389978213507625,0.8582828044202955,0.31609826433144284,740,178,26,57
drop_mgmt_fingerprint,rf_per_bssid,RogueAP_25.csv,RogueAP_39.csv,fpr_le_0.20,121,1001,83,0.5135926021675727,0.1949367088607595,0.927710843373494,0.32217573221757323,0.3464052287581699,0.8582828044202955,0.31609826433144284,600,318,6,77
drop_mgmt_fingerprint,xgb_per_bssid,RogueAP_26.csv,RogueAP_39.csv,best_f1,121,1000,79,0.8297040700912477,0.3961038961038961,0.7721518987341772,0.5236051502145923,0.10097719869706841,0.9319396913096661,0.5600526152238322,828,93,18,61
drop_mgmt_fingerprint,xgb_per_bssid,RogueAP_26.csv,RogueAP_39.csv,fpr_le_0.20,121,1000,79,0.6714089512825012,0.24050632911392406,0.9620253164556962,0.3848101265822785,0.26058631921824105,0.9319396913096661,0.5600526152238322,681,240,3,76
drop_mgmt_fingerprint,rf_per_bssid,RogueAP_26.csv,RogueAP_39.csv,best_f1,121,1000,79,0.6984879607963498,0.3080568720379147,0.8227848101265823,0.4482758620689655,0.15852334419109662,0.9061834274797619,0.4242305739173794,775,146,14,65
drop_mgmt_fingerprint,rf_per_bssid,RogueAP_26.csv,RogueAP_39.csv,fpr_le_0.20,121,1000,79,0.5238949029232615,0.1953727506426735,0.9620253164556962,0.3247863247863248,0.33984799131378934,0.9061834274797619,0.4242305739173794,608,313,3,76
drop_mgmt_fingerprint,xgb_per_bssid,RogueAP_27.csv,RogueAP_39.csv,best_f1,121,997,70,0.8299890041351321,0.4076923076923077,0.7571428571428571,0.53,0.08306364617044229,0.9496224379719526,0.6124035691091905,850,77,17,53
drop_mgmt_fingerprint,xgb_per_bssid,RogueAP_27.csv,RogueAP_39.csv,fpr_le_0.20,121,997,70,0.6544848084449768,0.33507853403141363,0.9142857142857143,0.4904214559386973,0.13700107874865156,0.9496224379719526,0.6124035691091905,800,127,6,64
drop_mgmt_fingerprint,rf_per_bssid,RogueAP_27.csv,RogueAP_39.csv,best_f1,121,997,70,0.7282017118869437,0.366412213740458,0.6857142857142857,0.47761194029850745,0.0895361380798274,0.9223763291724456,0.4105723829634975,844,83,22,48
drop_mgmt_fingerprint,rf_per_bssid,RogueAP_27.csv,RogueAP_39.csv,fpr_le_0.20,121,997,70,0.5221576910066869,0.2935323383084577,0.8428571428571429,0.4354243542435424,0.15318230852211434,0.9223763291724456,0.4105723829634975,785,142,11,59
drop_mgmt_fingerprint,xgb_per_bssid,RogueAP_28.csv,RogueAP_39.csv,best_f1,121,1001,83,0.8084559917449953,0.4855072463768116,0.8072289156626506,0.6063348416289592,0.07734204793028322,0.9647019450350423,0.6860089795403499,847,71,16,67
drop_mgmt_fingerprint,xgb_per_bssid,RogueAP_28.csv,RogueAP_39.csv,fpr_le_0.20,121,1001,83,0.628119707107544,0.43315508021390375,0.9759036144578314,0.6,0.11546840958605664,0.9647019450350423,0.6860089795403499,812,106,2,81
drop_mgmt_fingerprint,rf_per_bssid,RogueAP_28.csv,RogueAP_39.csv,best_f1,121,1001,83,0.702350465765843,0.4803921568627451,0.5903614457831325,0.5297297297297298,0.05773420479302832,0.9423839147439431,0.56972707095545,865,53,34,49
drop_mgmt_fingerprint,rf_per_bssid,RogueAP_28.csv,RogueAP_39.csv,fpr_le_0.20,121,1001,83,0.5339517881688378,0.39759036144578314,0.7951807228915663,0.5301204819277109,0.10893246187363835,0.9423839147439431,0.56972707095545,818,100,17,66
drop_mgmt_fingerprint,xgb_per_bssid,RogueAP_29.csv,RogueAP_39.csv,best_f1,121,1001,164,0.8140189886093141,0.43154761904761907,0.8841463414634146,0.58,0.22819593787335724,0.9186154092723723,0.7084686426495881,646,191,19,145
drop_mgmt_fingerprint,xgb_per_bssid,RogueAP_29.csv,RogueAP_39.csv,fpr_le_0.20,121,1001,164,0.7003520131111145,0.3878048780487805,0.9695121951219512,0.554006968641115,0.2998805256869773,0.9186154092723723,0.7084686426495881,586,251,5,159
drop_mgmt_fingerprint,rf_per_bssid,RogueAP_29.csv,RogueAP_39.csv,best_f1,121,1001,164,0.6870543683711091,0.4064327485380117,0.8475609756097561,0.549407114624506,0.24253285543608125,0.8741440102573069,0.5200459330164062,634,203,25,139
drop_mgmt_fingerprint,rf_per_bssid,RogueAP_29.csv,RogueAP_39.csv,fpr_le_0.20,121,1001,164,0.5434927743448897,0.3712871287128713,0.9146341463414634,0.528169014084507,0.3034647550776583,0.8741440102573069,0.5200459330164062,583,254,14,150
drop_mgmt_fingerprint,xgb_per_bssid,RogueAP_30.csv,RogueAP_39.csv,best_f1,121,1002,57,0.8255291819572451,0.49230769230769234,0.5614035087719298,0.5245901639344263,0.03492063492063492,0.9347257031467558,0.523001687236629,912,33,25,32
drop_mgmt_fingerprint,xgb_per_bssid,RogueAP_30.csv,RogueAP_39.csv,fpr_le_0.20,121,1002,57,0.6213679909706116,0.21666666666666667,0.9122807017543859,0.3501683501683502,0.19894179894179895,0.9347257031467558,0.523001687236629,757,188,5,52
drop_mgmt_fingerprint,rf_per_bssid,RogueAP_30.csv,RogueAP_39.csv,best_f1,121,1002,57,0.6840423507283454,0.3148148148148148,0.5964912280701754,0.4121212121212121,0.07830687830687831,0.9057087162350319,0.3595644788275304,871,74,23,34
drop_mgmt_fingerprint,rf_per_bssid,RogueAP_30.csv,RogueAP_39.csv,fpr_le_0.20,121,1002,57,0.5092584900427972,0.2032520325203252,0.8771929824561403,0.33003300330033003,0.2074074074074074,0.9057087162350319,0.3595644788275304,749,196,7,50
drop_mgmt_fingerprint,xgb_per_bssid,RogueAP_31.csv,RogueAP_39.csv,best_f1,121,1001,61,0.7780224084854127,0.375,0.39344262295081966,0.384,0.0425531914893617,0.8994768050226718,0.42376675607403663,900,40,37,24
drop_mgmt_fingerprint,xgb_per_bssid,RogueAP_31.csv,RogueAP_39.csv,fpr_le_0.20,121,1001,61,0.6258002519607544,0.28187919463087246,0.6885245901639344,0.4,0.11382978723404255,0.8994768050226718,0.42376675607403663,833,107,19,42
drop_mgmt_fingerprint,rf_per_bssid,RogueAP_31.csv,RogueAP_39.csv,best_f1,121,1001,61,0.6851549933363488,0.3793103448275862,0.36065573770491804,0.3697478991596639,0.03829787234042553,0.897070108126962,0.371112587535365,904,36,39,22
drop_mgmt_fingerprint,rf_per_bssid,RogueAP_31.csv,RogueAP_39.csv,fpr_le_0.20,121,1001,61,0.4870419318499287,0.26785714285714285,0.7377049180327869,0.3930131004366812,0.13085106382978723,0.897070108126962,0.371112587535365,817,123,16,45
drop_mgmt_fingerprint,xgb_per_bssid,RogueAP_32.csv,RogueAP_39.csv,best_f1,121,1003,64,0.8006705284118653,0.3924050632911392,0.484375,0.43356643356643354,0.051118210862619806,0.8922723642172523,0.3881631289223681,891,48,33,31
drop_mgmt_fingerprint,xgb_per_bssid,RogueAP_32.csv,RogueAP_39.csv,fpr_le_0.20,121,1003,64,0.693975031375885,0.2569832402234637,0.71875,0.3786008230452675,0.14164004259850904,0.8922723642172523,0.3881631289223681,806,133,18,46
drop_mgmt_fingerprint,rf_per_bssid,RogueAP_32.csv,RogueAP_39.csv,best_f1,121,1003,64,0.7123685907557988,0.29310344827586204,0.265625,0.2786885245901639,0.043663471778487756,0.8840854632587859,0.32545851870590087,898,41,47,17
drop_mgmt_fingerprint,rf_per_bssid,RogueAP_32.csv,RogueAP_39.csv,fpr_le_0.20,121,1003,64,0.5620814442692716,0.22169811320754718,0.734375,0.34057971014492755,0.1757188498402556,0.8840854632587859,0.32545851870590087,774,165,17,47
drop_mgmt_fingerprint,xgb_per_bssid,RogueAP_33.csv,RogueAP_39.csv,best_f1,121,1002,67,0.7885434031486511,0.43089430894308944,0.7910447761194029,0.5578947368421052,0.0748663101604278,0.9646260675233458,0.6872474273232183,865,70,14,53
drop_mgmt_fingerprint,xgb_per_bssid,RogueAP_33.csv,RogueAP_39.csv,fpr_le_0.20,121,1002,67,0.6306008100509644,0.3772455089820359,0.9402985074626866,0.5384615384615384,0.11122994652406418,0.9646260675233458,0.6872474273232183,831,104,4,63
drop_mgmt_fingerprint,rf_per_bssid,RogueAP_33.csv,RogueAP_39.csv,best_f1,121,1002,67,0.6482842277282642,0.4108527131782946,0.7910447761194029,0.5408163265306123,0.08128342245989305,0.9491579535477692,0.5822908040548531,859,76,14,53
drop_mgmt_fingerprint,rf_per_bssid,RogueAP_33.csv,RogueAP_39.csv,fpr_le_0.20,121,1002,67,0.5167861083961649,0.32967032967032966,0.8955223880597015,0.4819277108433735,0.1304812834224599,0.9491579535477692,0.5822908040548531,813,122,7,60
drop_mgmt_fingerprint,xgb_per_bssid,RogueAP_34.csv,RogueAP_39.csv,best_f1,121,1003,91,0.8037451028823853,0.4823529411764706,0.9010989010989011,0.6283524904214559,0.09649122807017543,0.9532123578176209,0.626862045129275,824,88,9,82
drop_mgmt_fingerprint,xgb_per_bssid,RogueAP_34.csv,RogueAP_39.csv,fpr_le_0.20,121,1003,91,0.631935179233551,0.37339055793991416,0.9560439560439561,0.5370370370370371,0.1600877192982456,0.9532123578176209,0.626862045129275,766,146,4,87
drop_mgmt_fingerprint,rf_per_bssid,RogueAP_34.csv,RogueAP_39.csv,best_f1,121,1003,91,0.6284467334787832,0.43157894736842106,0.9010989010989011,0.5836298932384342,0.11842105263157894,0.9329814921920185,0.46993359128858736,804,108,9,82
drop_mgmt_fingerprint,rf_per_bssid,RogueAP_34.csv,RogueAP_39.csv,fpr_le_0.20,121,1003,91,0.5906634365870357,0.40384615384615385,0.9230769230769231,0.5618729096989966,0.13596491228070176,0.9329814921920185,0.46993359128858736,788,124,7,84
drop_mgmt_fingerprint,xgb_per_bssid,RogueAP_35.csv,RogueAP_39.csv,best_f1,121,1003,130,0.8256093502044679,0.4351464435146444,0.8,0.5636856368563685,0.15463917525773196,0.9083091021235352,0.5664992693255042,738,135,26,104
drop_mgmt_fingerprint,xgb_per_bssid,RogueAP_35.csv,RogueAP_39.csv,fpr_le_0.20,121,1003,130,0.6261699795722961,0.3465909090909091,0.9384615384615385,0.5062240663900415,0.2634593356242841,0.9083091021235352,0.5664992693255042,643,230,8,122
drop_mgmt_fingerprint,rf_per_bssid,RogueAP_35.csv,RogueAP_39.csv,best_f1,121,1003,130,0.6462429828248673,0.3706293706293706,0.8153846153846154,0.5096153846153846,0.20618556701030927,0.8735483302493612,0.4211698642565128,693,180,24,106
drop_mgmt_fingerprint,rf_per_bssid,RogueAP_35.csv,RogueAP_39.csv,fpr_le_0.20,121,1003,130,0.5390986067360872,0.3313782991202346,0.8692307692307693,0.47983014861995754,0.2611683848797251,0.8735483302493612,0.4211698642565128,645,228,17,113
drop_mgmt_fingerprint,xgb_per_bssid,RogueAP_36.csv,RogueAP_39.csv,best_f1,121,1003,67,0.7905296540260315,0.3984375,0.7611940298507462,0.5230769230769231,0.08226495726495726,0.9432803929072586,0.4636500224914599,859,77,16,51
drop_mgmt_fingerprint,xgb_per_bssid,RogueAP_36.csv,RogueAP_39.csv,fpr_le_0.20,121,1003,67,0.6336799263954163,0.2782608695652174,0.9552238805970149,0.43097643097643096,0.17735042735042736,0.9432803929072586,0.4636500224914599,770,166,3,64
drop_mgmt_fingerprint,rf_per_bssid,RogueAP_36.csv,RogueAP_39.csv,best_f1,121,1003,67,0.6383099773473234,0.3352601156069364,0.8656716417910447,0.48333333333333334,0.12286324786324786,0.929519071310116,0.3982864750608242,821,115,9,58
drop_mgmt_fingerprint,rf_per_bssid,RogueAP_36.csv,RogueAP_39.csv,fpr_le_0.20,121,1003,67,0.5232337272888133,0.23552123552123552,0.9104477611940298,0.37423312883435583,0.21153846153846154,0.929519071310116,0.3982864750608242,738,198,6,61
drop_mgmt_fingerprint,xgb_per_bssid,RogueAP_37.csv,RogueAP_39.csv,best_f1,121,1001,105,0.8398155474662782,0.44878048780487806,0.8761904761904762,0.5935483870967742,0.12611607142857142,0.9373405612244897,0.5454552190832833,783,113,13,92
drop_mgmt_fingerprint,xgb_per_bssid,RogueAP_37.csv,RogueAP_39.csv,fpr_le_0.20,121,1001,105,0.6562117338180542,0.3161094224924012,0.9904761904761905,0.4792626728110599,0.25111607142857145,0.9373405612244897,0.5454552190832833,671,225,1,104
drop_mgmt_fingerprint,rf_per_bssid,RogueAP_37.csv,RogueAP_39.csv,best_f1,121,1001,105,0.6175297015382952,0.3181818181818182,0.9333333333333333,0.4745762711864407,0.234375,0.9257865646258503,0.49888781712322927,686,210,7,98
drop_mgmt_fingerprint,rf_per_bssid,RogueAP_37.csv,RogueAP_39.csv,fpr_le_0.20,121,1001,105,0.5302332538015684,0.29941860465116277,0.9809523809523809,0.45879732739420936,0.2689732142857143,0.9257865646258503,0.49888781712322927,655,241,2,103
drop_mgmt_fingerprint,xgb_per_bssid,RogueAP_38.csv,RogueAP_39.csv,best_f1,121,1003,114,0.8548617172241211,0.6104651162790697,0.9210526315789473,0.7342657342657343,0.07536557930258718,0.9626724291042568,0.7397649136614338,822,67,9,105
drop_mgmt_fingerprint,xgb_per_bssid,RogueAP_38.csv,RogueAP_39.csv,fpr_le_0.20,121,1003,114,0.7178986072540283,0.5213270142180095,0.9649122807017544,0.676923076923077,0.11361079865016872,0.9626724291042568,0.7397649136614338,788,101,4,110
drop_mgmt_fingerprint,rf_per_bssid,RogueAP_38.csv,RogueAP_39.csv,best_f1,121,1003,114,0.7102235962262116,0.5872093023255814,0.8859649122807017,0.7062937062937062,0.0798650168728909,0.9473486866773232,0.6095247224957713,818,71,13,101
drop_mgmt_fingerprint,rf_per_bssid,RogueAP_38.csv,RogueAP_39.csv,fpr_le_0.20,121,1003,114,0.5855478820347103,0.5071090047393365,0.9385964912280702,0.6584615384615384,0.11698537682789652,0.9473486866773232,0.6095247224957713,785,104,7,107
drop_mgmt_fingerprint,xgb_per_bssid,RogueAP_39.csv,RogueAP_38.csv,best_f1,121,465,24,0.8699493956565858,0.6666666666666666,0.4166666666666667,0.5128205128205128,0.011337868480725623,0.9036281179138321,0.5337282149747451,436,5,14,10
drop_mgmt_fingerprint,xgb_per_bssid,RogueAP_39.csv,RogueAP_38.csv,fpr_le_0.20,121,465,24,0.7044327259063721,0.22972972972972974,0.7083333333333334,0.3469387755102041,0.1292517006802721,0.9036281179138321,0.5337282149747451,384,57,7,17
drop_mgmt_fingerprint,rf_per_bssid,RogueAP_39.csv,RogueAP_38.csv,best_f1,121,465,24,0.6651082146839203,0.2857142857142857,0.3333333333333333,0.3076923076923077,0.045351473922902494,0.8595049130763417,0.3292604080295265,421,20,16,8
drop_mgmt_fingerprint,rf_per_bssid,RogueAP_39.csv,RogueAP_38.csv,fpr_le_0.20,121,465,24,0.4533521784036365,0.12643678160919541,0.9166666666666666,0.2222222222222222,0.34467120181405897,0.8595049130763417,0.3292604080295265,289,152,2,22
drop_phy_radio,xgb_per_bssid,RogueAP_23.csv,RogueAP_39.csv,best_f1,95,1000,1,0.6498865318298341,0.043478260869565216,1.0,0.08333333333333333,0.022022022022022022,0.9999999999999999,1.0,977,22,0,1
drop_phy_radio,xgb_per_bssid,RogueAP_23.csv,RogueAP_39.csv,fpr_le_0.20,95,1000,1,0.6590156555175781,0.043478260869565216,1.0,0.08333333333333333,0.022022022022022022,0.9999999999999999,1.0,977,22,0,1
drop_phy_radio,rf_per_bssid,RogueAP_23.csv,RogueAP_39.csv,best_f1,95,1000,1,0.36387331427811753,0.03571428571428571,1.0,0.06896551724137931,0.02702702702702703,0.990990990990991,0.1,972,27,0,1
drop_phy_radio,rf_per_bssid,RogueAP_23.csv,RogueAP_39.csv,fpr_le_0.20,95,1000,1,0.2980461362031456,0.02857142857142857,1.0,0.05555555555555555,0.03403403403403404,0.990990990990991,0.1,965,34,0,1
drop_phy_radio,xgb_per_bssid,RogueAP_24.csv,RogueAP_39.csv,best_f1,95,1001,28,0.8737879467010498,0.16964285714285715,0.6785714285714286,0.2714285714285714,0.09558067831449127,0.9238731463808545,0.2105624411082677,880,93,9,19
drop_phy_radio,xgb_per_bssid,RogueAP_24.csv,RogueAP_39.csv,fpr_le_0.20,95,1001,28,0.6992546319961548,0.12807881773399016,0.9285714285714286,0.22510822510822512,0.18191161356628982,0.9238731463808545,0.2105624411082677,796,177,2,26
drop_phy_radio,rf_per_bssid,RogueAP_24.csv,RogueAP_39.csv,best_f1,95,1001,28,0.34575078562146844,0.11555555555555555,0.9285714285714286,0.20553359683794467,0.20452209660842754,0.8804140361180444,0.1347026878469746,774,199,2,26
drop_phy_radio,rf_per_bssid,RogueAP_24.csv,RogueAP_39.csv,fpr_le_0.20,95,1001,28,0.3173201087761258,0.1145374449339207,0.9285714285714286,0.20392156862745098,0.2065775950668037,0.8804140361180444,0.1347026878469746,772,201,2,26
drop_phy_radio,xgb_per_bssid,RogueAP_25.csv,RogueAP_39.csv,best_f1,95,1001,83,0.590706267356874,0.5,0.963855421686747,0.6584362139917695,0.08714596949891068,0.9706932304380922,0.7442390873365391,838,80,3,80
drop_phy_radio,xgb_per_bssid,RogueAP_25.csv,RogueAP_39.csv,fpr_le_0.20,95,1001,83,0.7136542201042175,0.5131578947368421,0.9397590361445783,0.6638297872340425,0.08061002178649238,0.9706932304380922,0.7442390873365391,844,74,5,78
drop_phy_radio,rf_per_bssid,RogueAP_25.csv,RogueAP_39.csv,best_f1,95,1001,83,0.8646262009935614,0.5903614457831325,0.5903614457831325,0.5903614457831325,0.037037037037037035,0.9666377930020736,0.7036704082412996,884,34,34,49
drop_phy_radio,rf_per_bssid,RogueAP_25.csv,RogueAP_39.csv,fpr_le_0.20,95,1001,83,0.34381706776503734,0.45714285714285713,0.963855421686747,0.6201550387596899,0.10348583877995643,0.9666377930020736,0.7036704082412996,823,95,3,80
drop_phy_radio,xgb_per_bssid,RogueAP_26.csv,RogueAP_39.csv,best_f1,95,1000,79,0.6513188314437872,0.5379310344827586,0.9873417721518988,0.6964285714285714,0.0727470141150923,0.9766077048887424,0.7229682446307955,854,67,1,78
drop_phy_radio,xgb_per_bssid,RogueAP_26.csv,RogueAP_39.csv,fpr_le_0.20,95,1000,79,0.636988639831543,0.5342465753424658,0.9873417721518988,0.6933333333333334,0.0738327904451683,0.9766077048887424,0.7229682446307955,853,68,1,78
drop_phy_radio,rf_per_bssid,RogueAP_26.csv,RogueAP_39.csv,best_f1,95,1000,79,0.3930667375713,0.5165562913907285,0.9873417721518988,0.6782608695652174,0.07926167209554831,0.9767863769430586,0.7384680946022607,848,73,1,78
drop_phy_radio,rf_per_bssid,RogueAP_26.csv,RogueAP_39.csv,fpr_le_0.20,95,1000,79,0.3403772815383136,0.5163398692810458,1.0,0.6810344827586207,0.08034744842562432,0.9767863769430586,0.7384680946022607,847,74,0,79
drop_phy_radio,xgb_per_bssid,RogueAP_27.csv,RogueAP_39.csv,best_f1,95,997,70,0.6752936840057382,0.5384615384615384,0.9,0.6737967914438503,0.05825242718446602,0.9821698258591464,0.8220663004154961,873,54,7,63
drop_phy_radio,xgb_per_bssid,RogueAP_27.csv,RogueAP_39.csv,fpr_le_0.20,95,997,70,0.6526601314544678,0.5338983050847458,0.9,0.6702127659574468,0.0593311758360302,0.9821698258591464,0.8220663004154961,872,55,7,63
drop_phy_radio,rf_per_bssid,RogueAP_27.csv,RogueAP_39.csv,best_f1,95,997,70,0.434685439592997,0.49166666666666664,0.8428571428571429,0.6210526315789474,0.06580366774541532,0.9698412698412698,0.6748491668912315,866,61,11,59
drop_phy_radio,rf_per_bssid,RogueAP_27.csv,RogueAP_39.csv,fpr_le_0.20,95,997,70,0.3918905370386096,0.4878048780487805,0.8571428571428571,0.6217616580310881,0.06796116504854369,0.9698412698412698,0.6748491668912315,864,63,10,60
drop_phy_radio,xgb_per_bssid,RogueAP_28.csv,RogueAP_39.csv,best_f1,95,1001,83,0.9386185526847839,0.7704918032786885,0.5662650602409639,0.6527777777777778,0.015250544662309368,0.9823476914192719,0.8202191962418564,904,14,36,47
drop_phy_radio,xgb_per_bssid,RogueAP_28.csv,RogueAP_39.csv,fpr_le_0.20,95,1001,83,0.6068442463874817,0.5952380952380952,0.9036144578313253,0.7177033492822966,0.05555555555555555,0.9823476914192719,0.8202191962418564,867,51,8,75
drop_phy_radio,rf_per_bssid,RogueAP_28.csv,RogueAP_39.csv,best_f1,95,1001,83,0.3048186540494615,0.5579710144927537,0.927710843373494,0.6968325791855203,0.0664488017429194,0.9750636533060346,0.7510898691895085,857,61,6,77
drop_phy_radio,rf_per_bssid,RogueAP_28.csv,RogueAP_39.csv,fpr_le_0.20,95,1001,83,0.24620283356809622,0.5602836879432624,0.9518072289156626,0.7053571428571429,0.06753812636165578,0.9750636533060346,0.7510898691895085,856,62,4,79
drop_phy_radio,xgb_per_bssid,RogueAP_29.csv,RogueAP_39.csv,best_f1,95,1001,164,0.9468403458595276,0.7300613496932515,0.725609756097561,0.72782874617737,0.052568697729988054,0.9716029955998484,0.8656567921535907,793,44,45,119
drop_phy_radio,xgb_per_bssid,RogueAP_29.csv,RogueAP_39.csv,fpr_le_0.20,95,1001,164,0.6822419166564941,0.599250936329588,0.975609756097561,0.7424593967517401,0.12783751493428913,0.9716029955998484,0.8656567921535907,730,107,4,160
drop_phy_radio,rf_per_bssid,RogueAP_29.csv,RogueAP_39.csv,best_f1,95,1001,164,0.44355478725184644,0.5321428571428571,0.9085365853658537,0.6711711711711712,0.15651135005973715,0.950811551126264,0.7818855149755062,706,131,15,149
drop_phy_radio,rf_per_bssid,RogueAP_29.csv,RogueAP_39.csv,fpr_le_0.20,95,1001,164,0.39669907675634714,0.5255972696245734,0.9390243902439024,0.6739606126914661,0.16606929510155316,0.950811551126264,0.7818855149755062,698,139,10,154
drop_phy_radio,xgb_per_bssid,RogueAP_30.csv,RogueAP_39.csv,best_f1,95,1002,57,0.6889004254341128,0.4274193548387097,0.9298245614035088,0.585635359116022,0.07513227513227513,0.9706488443330549,0.5602984271356579,874,71,4,53
drop_phy_radio,xgb_per_bssid,RogueAP_30.csv,RogueAP_39.csv,fpr_le_0.20,95,1002,57,0.682386577129364,0.424,0.9298245614035088,0.5824175824175825,0.0761904761904762,0.9706488443330549,0.5602984271356579,873,72,4,53
drop_phy_radio,rf_per_bssid,RogueAP_30.csv,RogueAP_39.csv,best_f1,95,1002,57,0.8671694301227433,0.5689655172413793,0.5789473684210527,0.5739130434782609,0.026455026455026454,0.969627773136545,0.5530485334863817,920,25,24,33
drop_phy_radio,rf_per_bssid,RogueAP_30.csv,RogueAP_39.csv,fpr_le_0.20,95,1002,57,0.3826974866426138,0.4153846153846154,0.9473684210526315,0.5775401069518716,0.08042328042328042,0.969627773136545,0.5530485334863817,869,76,3,54
drop_phy_radio,xgb_per_bssid,RogueAP_31.csv,RogueAP_39.csv,best_f1,95,1001,61,0.6673836445808413,0.5607476635514018,0.9836065573770492,0.7142857142857143,0.05,0.9862399720962679,0.7620342681487544,893,47,1,60
drop_phy_radio,xgb_per_bssid,RogueAP_31.csv,RogueAP_39.csv,fpr_le_0.20,95,1001,61,0.6617324948310852,0.5607476635514018,0.9836065573770492,0.7142857142857143,0.05,0.9862399720962679,0.7620342681487544,893,47,1,60
drop_phy_radio,rf_per_bssid,RogueAP_31.csv,RogueAP_39.csv,best_f1,95,1001,61,0.35007286290853573,0.5217391304347826,0.9836065573770492,0.6818181818181818,0.05851063829787234,0.9854202999651204,0.7470779128860764,885,55,1,60
drop_phy_radio,rf_per_bssid,RogueAP_31.csv,RogueAP_39.csv,fpr_le_0.20,95,1001,61,0.2974659640108822,0.5126050420168067,1.0,0.6777777777777778,0.06170212765957447,0.9854202999651204,0.7470779128860764,882,58,0,61
drop_phy_radio,xgb_per_bssid,RogueAP_32.csv,RogueAP_39.csv,best_f1,95,1003,64,0.7004174613952636,0.5210084033613446,0.96875,0.6775956284153005,0.06070287539936102,0.9801317891373802,0.7144741376003633,882,57,2,62
drop_phy_radio,xgb_per_bssid,RogueAP_32.csv,RogueAP_39.csv,fpr_le_0.20,95,1003,64,0.7005939483642578,0.5210084033613446,0.96875,0.6775956284153005,0.06070287539936102,0.9801317891373802,0.7144741376003633,882,57,2,62
drop_phy_radio,rf_per_bssid,RogueAP_32.csv,RogueAP_39.csv,best_f1,95,1003,64,0.43460201533346754,0.5258620689655172,0.953125,0.6777777777777778,0.058572949946751864,0.9709797657082002,0.5762713758801755,884,55,3,61
drop_phy_radio,rf_per_bssid,RogueAP_32.csv,RogueAP_39.csv,fpr_le_0.20,95,1003,64,0.39878553771283354,0.5213675213675214,0.953125,0.6740331491712708,0.059637912673056445,0.9709797657082002,0.5762713758801755,883,56,3,61
drop_phy_radio,xgb_per_bssid,RogueAP_33.csv,RogueAP_39.csv,best_f1,95,1002,67,0.9384008646011353,0.7758620689655172,0.6716417910447762,0.72,0.013903743315508022,0.9877643866230346,0.8423110842732658,922,13,22,45
drop_phy_radio,xgb_per_bssid,RogueAP_33.csv,RogueAP_39.csv,fpr_le_0.20,95,1002,67,0.4771853983402252,0.5826086956521739,1.0,0.7362637362637363,0.051336898395721926,0.9877643866230346,0.8423110842732658,887,48,0,67
drop_phy_radio,rf_per_bssid,RogueAP_33.csv,RogueAP_39.csv,best_f1,95,1002,67,0.28976515962521493,0.5454545454545454,0.9850746268656716,0.7021276595744681,0.058823529411764705,0.982552478250459,0.7571834388906635,880,55,1,66
drop_phy_radio,rf_per_bssid,RogueAP_33.csv,RogueAP_39.csv,fpr_le_0.20,95,1002,67,0.21959537086749276,0.5409836065573771,0.9850746268656716,0.6984126984126984,0.059893048128342244,0.982552478250459,0.7571834388906635,879,56,1,66
drop_phy_radio,xgb_per_bssid,RogueAP_34.csv,RogueAP_39.csv,best_f1,95,1003,91,0.9258441805839539,0.75,0.8571428571428571,0.8,0.02850877192982456,0.9871794871794871,0.8638576789595288,886,26,13,78
drop_phy_radio,xgb_per_bssid,RogueAP_34.csv,RogueAP_39.csv,fpr_le_0.20,95,1003,91,0.6580875515937805,0.6546762589928058,1.0,0.7913043478260869,0.05263157894736842,0.9871794871794871,0.8638576789595288,864,48,0,91
drop_phy_radio,rf_per_bssid,RogueAP_34.csv,RogueAP_39.csv,best_f1,95,1003,91,0.3714025262996639,0.6275862068965518,1.0,0.7711864406779662,0.05921052631578947,0.9825766338924233,0.8204580568281865,858,54,0,91
drop_phy_radio,rf_per_bssid,RogueAP_34.csv,RogueAP_39.csv,fpr_le_0.20,95,1003,91,0.3262380599151436,0.6066666666666667,1.0,0.7551867219917012,0.06469298245614036,0.9825766338924233,0.8204580568281865,853,59,0,91
drop_phy_radio,xgb_per_bssid,RogueAP_35.csv,RogueAP_39.csv,best_f1,95,1003,130,0.6295254635810855,0.6793478260869565,0.9615384615384616,0.7961783439490446,0.06758304696449026,0.9730108379592916,0.8159979813873999,814,59,5,125
drop_phy_radio,xgb_per_bssid,RogueAP_35.csv,RogueAP_39.csv,fpr_le_0.20,95,1003,130,0.6204641461372375,0.6793478260869565,0.9615384615384616,0.7961783439490446,0.06758304696449026,0.9730108379592916,0.8159979813873999,814,59,5,125
drop_phy_radio,rf_per_bssid,RogueAP_35.csv,RogueAP_39.csv,best_f1,95,1003,130,0.3864736703249234,0.6313131313131313,0.9615384615384616,0.7621951219512195,0.0836197021764032,0.9641025641025641,0.7477463472954357,800,73,5,125
drop_phy_radio,rf_per_bssid,RogueAP_35.csv,RogueAP_39.csv,fpr_le_0.20,95,1003,130,0.32498622168253816,0.6268656716417911,0.9692307692307692,0.7613293051359517,0.0859106529209622,0.9641025641025641,0.7477463472954357,798,75,4,126
drop_phy_radio,xgb_per_bssid,RogueAP_36.csv,RogueAP_39.csv,best_f1,95,1003,67,0.6422118878364566,0.55,0.9850746268656716,0.7058823529411765,0.057692307692307696,0.9807373389462942,0.7558179606487656,882,54,1,66
drop_phy_radio,xgb_per_bssid,RogueAP_36.csv,RogueAP_39.csv,fpr_le_0.20,95,1003,67,0.6356098055839539,0.55,0.9850746268656716,0.7058823529411765,0.057692307692307696,0.9807373389462942,0.7558179606487656,882,54,1,66
drop_phy_radio,rf_per_bssid,RogueAP_36.csv,RogueAP_39.csv,best_f1,95,1003,67,0.3548669799294008,0.532258064516129,0.9850746268656716,0.6910994764397905,0.06196581196581197,0.9791746396224008,0.6834142052131491,878,58,1,66
drop_phy_radio,rf_per_bssid,RogueAP_36.csv,RogueAP_39.csv,fpr_le_0.20,95,1003,67,0.3127414234109133,0.528,0.9850746268656716,0.6875,0.06303418803418803,0.9791746396224008,0.6834142052131491,877,59,1,66
drop_phy_radio,xgb_per_bssid,RogueAP_37.csv,RogueAP_39.csv,best_f1,95,1001,105,0.6779814767837529,0.5737704918032787,1.0,0.7291666666666666,0.08705357142857142,0.9691857993197279,0.7284179240829891,818,78,0,105
drop_phy_radio,xgb_per_bssid,RogueAP_37.csv,RogueAP_39.csv,fpr_le_0.20,95,1001,105,0.7135056853294373,0.574585635359116,0.9904761904761905,0.7272727272727273,0.0859375,0.9691857993197279,0.7284179240829891,819,77,1,104
drop_phy_radio,rf_per_bssid,RogueAP_37.csv,RogueAP_39.csv,best_f1,95,1001,105,0.41895944596308865,0.5591397849462365,0.9904761904761905,0.7147766323024055,0.09151785714285714,0.9687393707482993,0.709725008238012,814,82,1,104
drop_phy_radio,rf_per_bssid,RogueAP_37.csv,RogueAP_39.csv,fpr_le_0.20,95,1001,105,0.3709231790567165,0.5555555555555556,1.0,0.7142857142857143,0.09375,0.9687393707482993,0.709725008238012,812,84,0,105
drop_phy_radio,xgb_per_bssid,RogueAP_38.csv,RogueAP_39.csv,best_f1,95,1003,114,0.7014085817337037,0.6766467065868264,0.9912280701754386,0.8042704626334519,0.06074240719910011,0.9810747340792927,0.847668811543804,835,54,1,113
drop_phy_radio,xgb_per_bssid,RogueAP_38.csv,RogueAP_39.csv,fpr_le_0.20,95,1003,114,0.7035964131355286,0.6766467065868264,0.9912280701754386,0.8042704626334519,0.06074240719910011,0.9810747340792927,0.847668811543804,835,54,1,113
drop_phy_radio,rf_per_bssid,RogueAP_38.csv,RogueAP_39.csv,best_f1,95,1003,114,0.3706324906180004,0.6473988439306358,0.9824561403508771,0.7804878048780488,0.0686164229471316,0.9710003354843803,0.7234774940797393,828,61,2,112
drop_phy_radio,rf_per_bssid,RogueAP_38.csv,RogueAP_39.csv,fpr_le_0.20,95,1003,114,0.329136288877008,0.6436781609195402,0.9824561403508771,0.7777777777777778,0.06974128233970754,0.9710003354843803,0.7234774940797393,827,62,2,112
drop_phy_radio,xgb_per_bssid,RogueAP_39.csv,RogueAP_38.csv,best_f1,95,465,24,0.8122351217269901,0.55,0.9166666666666666,0.6875,0.04081632653061224,0.983843537414966,0.7346634107828778,423,18,2,22
drop_phy_radio,xgb_per_bssid,RogueAP_39.csv,RogueAP_38.csv,fpr_le_0.20,95,465,24,0.6682002544403076,0.5581395348837209,1.0,0.7164179104477612,0.04308390022675737,0.983843537414966,0.7346634107828778,422,19,0,24
drop_phy_radio,rf_per_bssid,RogueAP_39.csv,RogueAP_38.csv,best_f1,95,465,24,0.5389155685629989,0.5365853658536586,0.9166666666666666,0.676923076923077,0.04308390022675737,0.9814814814814814,0.7181785792714624,422,19,2,22
drop_phy_radio,rf_per_bssid,RogueAP_39.csv,RogueAP_38.csv,fpr_le_0.20,95,465,24,0.16093922468476066,0.5217391304347826,1.0,0.6857142857142857,0.049886621315192746,0.9814814814814814,0.7181785792714624,419,22,0,24
drop_timing_seq,xgb_per_bssid,RogueAP_23.csv,RogueAP_39.csv,best_f1,129,1000,1,0.7338270664215102,0.02564102564102564,1.0,0.05,0.03803803803803804,0.9969969969969971,0.25,961,38,0,1
drop_timing_seq,xgb_per_bssid,RogueAP_23.csv,RogueAP_39.csv,fpr_le_0.20,129,1000,1,0.8533976674079895,0.047619047619047616,1.0,0.09090909090909091,0.02002002002002002,0.9969969969969971,0.25,979,20,0,1
drop_timing_seq,rf_per_bssid,RogueAP_23.csv,RogueAP_39.csv,best_f1,129,1000,1,0.7146504491949603,0.038461538461538464,1.0,0.07407407407407407,0.025025025025025027,0.998998998998999,0.5,974,25,0,1
drop_timing_seq,rf_per_bssid,RogueAP_23.csv,RogueAP_39.csv,fpr_le_0.20,129,1000,1,0.7103723956019191,0.038461538461538464,1.0,0.07407407407407407,0.025025025025025027,0.998998998998999,0.5,974,25,0,1
drop_timing_seq,xgb_per_bssid,RogueAP_24.csv,RogueAP_39.csv,best_f1,129,1001,28,0.8288024997711185,0.2066115702479339,0.8928571428571429,0.33557046979865773,0.0986639260020555,0.9472911466744971,0.2592656021539797,877,96,3,25
drop_timing_seq,xgb_per_bssid,RogueAP_24.csv,RogueAP_39.csv,fpr_le_0.20,129,1001,28,0.8597689867019653,0.21052631578947367,0.8571428571428571,0.3380281690140845,0.09249743062692703,0.9472911466744971,0.2592656021539797,883,90,4,24
drop_timing_seq,rf_per_bssid,RogueAP_24.csv,RogueAP_39.csv,best_f1,129,1001,28,0.6238767938900119,0.1319796954314721,0.9285714285714286,0.2311111111111111,0.17574511819116137,0.928718249889884,0.19502875819692017,802,171,2,26
drop_timing_seq,rf_per_bssid,RogueAP_24.csv,RogueAP_39.csv,fpr_le_0.20,129,1001,28,0.591358059791055,0.1306532663316583,0.9285714285714286,0.2290748898678414,0.1778006166495375,0.928718249889884,0.19502875819692017,800,173,2,26
drop_timing_seq,xgb_per_bssid,RogueAP_25.csv,RogueAP_39.csv,best_f1,129,1001,83,0.6842016291618367,0.5159235668789809,0.9759036144578314,0.675,0.08278867102396514,0.9672612016694228,0.7017546855934245,842,76,2,81
drop_timing_seq,xgb_per_bssid,RogueAP_25.csv,RogueAP_39.csv,fpr_le_0.20,129,1001,83,0.8486195802688599,0.5179856115107914,0.8674698795180723,0.6486486486486487,0.07298474945533769,0.9672612016694228,0.7017546855934245,851,67,11,72
drop_timing_seq,rf_per_bssid,RogueAP_25.csv,RogueAP_39.csv,best_f1,129,1001,83,0.6684416712177619,0.5075757575757576,0.8072289156626506,0.6232558139534884,0.07080610021786492,0.958855027954957,0.5739092292287667,853,65,16,67
drop_timing_seq,rf_per_bssid,RogueAP_25.csv,RogueAP_39.csv,fpr_le_0.20,129,1001,83,0.6552030638492108,0.4962962962962963,0.8072289156626506,0.6146788990825688,0.07407407407407407,0.958855027954957,0.5739092292287667,850,68,16,67
drop_timing_seq,xgb_per_bssid,RogueAP_26.csv,RogueAP_39.csv,best_f1,129,1000,79,0.7407213640213027,0.5486111111111112,1.0,0.7085201793721974,0.07057546145494029,0.9766351928970985,0.7219360080363343,856,65,0,79
drop_timing_seq,xgb_per_bssid,RogueAP_26.csv,RogueAP_39.csv,fpr_le_0.20,129,1000,79,0.8616549372673035,0.5652173913043478,0.9873417721518988,0.7188940092165899,0.06514657980456026,0.9766351928970985,0.7219360080363343,861,60,1,78
drop_timing_seq,rf_per_bssid,RogueAP_26.csv,RogueAP_39.csv,best_f1,129,1000,79,0.6485341403175546,0.5492957746478874,0.9873417721518988,0.7058823529411765,0.06948968512486428,0.9702167429458898,0.6405931651741525,857,64,1,78
drop_timing_seq,rf_per_bssid,RogueAP_26.csv,RogueAP_39.csv,fpr_le_0.20,129,1000,79,0.6171259906334423,0.541095890410959,1.0,0.7022222222222222,0.0727470141150923,0.9702167429458898,0.6405931651741525,854,67,0,79
drop_timing_seq,xgb_per_bssid,RogueAP_27.csv,RogueAP_39.csv,best_f1,129,997,70,0.7571238708496102,0.5565217391304348,0.9142857142857143,0.6918918918918919,0.05501618122977346,0.9804284173216211,0.7907989021667401,876,51,6,64
drop_timing_seq,xgb_per_bssid,RogueAP_27.csv,RogueAP_39.csv,fpr_le_0.20,129,997,70,0.8265863060951233,0.5504587155963303,0.8571428571428571,0.6703910614525139,0.05285868392664509,0.9804284173216211,0.7907989021667401,878,49,10,60
drop_timing_seq,rf_per_bssid,RogueAP_27.csv,RogueAP_39.csv,best_f1,129,997,70,0.5945408404000001,0.5166666666666667,0.8857142857142857,0.6526315789473685,0.06256742179072276,0.9681615040838342,0.6435534024123227,869,58,8,62
drop_timing_seq,rf_per_bssid,RogueAP_27.csv,RogueAP_39.csv,fpr_le_0.20,129,997,70,0.5408139201112336,0.5081967213114754,0.8857142857142857,0.6458333333333334,0.06472491909385113,0.9681615040838342,0.6435534024123227,867,60,8,62
drop_timing_seq,xgb_per_bssid,RogueAP_28.csv,RogueAP_39.csv,best_f1,129,1001,83,0.6972650146484382,0.6141732283464567,0.9397590361445783,0.7428571428571429,0.05337690631808279,0.9856156652754811,0.8619138939713928,869,49,5,78
drop_timing_seq,xgb_per_bssid,RogueAP_28.csv,RogueAP_39.csv,fpr_le_0.20,129,1001,83,0.7495734691619873,0.6446280991735537,0.9397590361445783,0.7647058823529411,0.046840958605664486,0.9856156652754811,0.8619138939713928,875,43,5,78
drop_timing_seq,rf_per_bssid,RogueAP_28.csv,RogueAP_39.csv,best_f1,129,1001,83,0.45709376846441535,0.5693430656934306,0.9397590361445783,0.7090909090909091,0.06427015250544663,0.9755230070609234,0.7463445203675005,859,59,5,78
drop_timing_seq,rf_per_bssid,RogueAP_28.csv,RogueAP_39.csv,fpr_le_0.20,129,1001,83,0.3899334502309893,0.5594405594405595,0.963855421686747,0.7079646017699115,0.06862745098039216,0.9755230070609234,0.7463445203675005,855,63,3,80
drop_timing_seq,xgb_per_bssid,RogueAP_29.csv,RogueAP_39.csv,best_f1,129,1001,164,0.8354661631584172,0.6666666666666666,0.926829268292683,0.7755102040816326,0.0908004778972521,0.9689366786140979,0.8279212928201045,761,76,12,152
drop_timing_seq,xgb_per_bssid,RogueAP_29.csv,RogueAP_39.csv,fpr_le_0.20,129,1001,164,0.8683546185493469,0.680365296803653,0.9085365853658537,0.7780678851174935,0.08363201911589008,0.9689366786140979,0.8279212928201045,767,70,15,149
drop_timing_seq,rf_per_bssid,RogueAP_29.csv,RogueAP_39.csv,best_f1,129,1001,164,0.6896420839562121,0.6115702479338843,0.9024390243902439,0.729064039408867,0.11230585424133811,0.9549858670629717,0.7834515818147614,743,94,16,148
drop_timing_seq,rf_per_bssid,RogueAP_29.csv,RogueAP_39.csv,fpr_le_0.20,129,1001,164,0.6537682697840507,0.5983935742971888,0.9085365853658537,0.7215496368038741,0.11947431302270012,0.9549858670629717,0.7834515818147614,737,100,15,149
drop_timing_seq,xgb_per_bssid,RogueAP_30.csv,RogueAP_39.csv,best_f1,129,1002,57,0.730045790672303,0.42748091603053434,0.9824561403508771,0.5957446808510638,0.07936507936507936,0.9696834679290819,0.5825853486373979,870,75,1,56
drop_timing_seq,xgb_per_bssid,RogueAP_30.csv,RogueAP_39.csv,fpr_le_0.20,129,1002,57,0.7920328974723816,0.4365079365079365,0.9649122807017544,0.6010928961748634,0.07513227513227513,0.9696834679290819,0.5825853486373979,874,71,2,55
drop_timing_seq,rf_per_bssid,RogueAP_30.csv,RogueAP_39.csv,best_f1,129,1002,57,0.6468131679788733,0.424,0.9298245614035088,0.5824175824175825,0.0761904761904762,0.9669729880256197,0.5014775413089936,873,72,4,53
drop_timing_seq,rf_per_bssid,RogueAP_30.csv,RogueAP_39.csv,fpr_le_0.20,129,1002,57,0.6105890289091837,0.42063492063492064,0.9298245614035088,0.5792349726775956,0.07724867724867725,0.9669729880256197,0.5014775413089936,872,73,4,53
drop_timing_seq,xgb_per_bssid,RogueAP_31.csv,RogueAP_39.csv,best_f1,129,1001,61,0.7621589255332959,0.5566037735849056,0.9672131147540983,0.7065868263473054,0.05,0.9812347401464946,0.673514594972592,893,47,2,59
drop_timing_seq,xgb_per_bssid,RogueAP_31.csv,RogueAP_39.csv,fpr_le_0.20,129,1001,61,0.8694720268249512,0.58,0.9508196721311475,0.7204968944099379,0.04468085106382979,0.9812347401464946,0.673514594972592,898,42,3,58
drop_timing_seq,rf_per_bssid,RogueAP_31.csv,RogueAP_39.csv,best_f1,129,1001,61,0.6470618943503598,0.5545454545454546,1.0,0.7134502923976608,0.052127659574468084,0.9795256365538891,0.6934638952236929,891,49,0,61
drop_timing_seq,rf_per_bssid,RogueAP_31.csv,RogueAP_39.csv,fpr_le_0.20,129,1001,61,0.6330528527320511,0.5495495495495496,1.0,0.7093023255813954,0.05319148936170213,0.9795256365538891,0.6934638952236929,890,50,0,61
drop_timing_seq,xgb_per_bssid,RogueAP_32.csv,RogueAP_39.csv,best_f1,129,1003,64,0.6689514684677144,0.5203252032520326,1.0,0.6844919786096256,0.06283280085197018,0.9702642438764644,0.5745582582675015,880,59,0,64
drop_timing_seq,xgb_per_bssid,RogueAP_32.csv,RogueAP_39.csv,fpr_le_0.20,129,1003,64,0.8311383724212646,0.525,0.984375,0.6847826086956522,0.06070287539936102,0.9702642438764644,0.5745582582675015,882,57,1,63
drop_timing_seq,rf_per_bssid,RogueAP_32.csv,RogueAP_39.csv,best_f1,129,1003,64,0.6454246144636048,0.5126050420168067,0.953125,0.6666666666666666,0.0617678381256656,0.9631256656017039,0.45408538715806485,881,58,3,61
drop_timing_seq,rf_per_bssid,RogueAP_32.csv,RogueAP_39.csv,fpr_le_0.20,129,1003,64,0.6131067316207987,0.512396694214876,0.96875,0.6702702702702703,0.06283280085197018,0.9631256656017039,0.45408538715806485,880,59,2,62
drop_timing_seq,xgb_per_bssid,RogueAP_33.csv,RogueAP_39.csv,best_f1,129,1002,67,0.6671675777435317,0.5982142857142857,1.0,0.7486033519553073,0.0481283422459893,0.9816665336419508,0.7652237169081502,890,45,0,67
drop_timing_seq,xgb_per_bssid,RogueAP_33.csv,RogueAP_39.csv,fpr_le_0.20,129,1002,67,0.7922528982162476,0.6055045871559633,0.9850746268656716,0.75,0.045989304812834225,0.9816665336419508,0.7652237169081502,892,43,1,66
drop_timing_seq,rf_per_bssid,RogueAP_33.csv,RogueAP_39.csv,best_f1,129,1002,67,0.5157495295621104,0.5701754385964912,0.9701492537313433,0.7182320441988951,0.052406417112299465,0.9797908851464603,0.7019126887104983,886,49,2,65
drop_timing_seq,rf_per_bssid,RogueAP_33.csv,RogueAP_39.csv,fpr_le_0.20,129,1002,67,0.40810844701947036,0.559322033898305,0.9850746268656716,0.7135135135135136,0.05561497326203209,0.9797908851464603,0.7019126887104983,883,52,1,66
drop_timing_seq,xgb_per_bssid,RogueAP_34.csv,RogueAP_39.csv,best_f1,129,1003,91,0.7215646243095413,0.6617647058823529,0.989010989010989,0.7929515418502202,0.05043859649122807,0.9835767302872567,0.8337116244678532,866,46,1,90
drop_timing_seq,xgb_per_bssid,RogueAP_34.csv,RogueAP_39.csv,fpr_le_0.20,129,1003,91,0.8447088599205017,0.6796875,0.9560439560439561,0.7945205479452054,0.044956140350877194,0.9835767302872567,0.8337116244678532,871,41,4,87
drop_timing_seq,rf_per_bssid,RogueAP_34.csv,RogueAP_39.csv,best_f1,129,1003,91,0.6435402908735781,0.6439393939393939,0.9340659340659341,0.7623318385650224,0.051535087719298246,0.9756964526701368,0.7125747294209941,865,47,6,85
drop_timing_seq,rf_per_bssid,RogueAP_34.csv,RogueAP_39.csv,fpr_le_0.20,129,1003,91,0.6129797756167218,0.6397058823529411,0.9560439560439561,0.7665198237885462,0.0537280701754386,0.9756964526701368,0.7125747294209941,863,49,4,87
drop_timing_seq,xgb_per_bssid,RogueAP_35.csv,RogueAP_39.csv,best_f1,129,1003,130,0.7235630869865434,0.6813186813186813,0.9538461538461539,0.7948717948717948,0.06643757159221077,0.9738655388139924,0.8246132915644082,815,58,6,124
drop_timing_seq,xgb_per_bssid,RogueAP_35.csv,RogueAP_39.csv,fpr_le_0.20,129,1003,130,0.8619748950004578,0.6781609195402298,0.9076923076923077,0.7763157894736842,0.06414662084765177,0.9738655388139924,0.8246132915644082,817,56,12,118
drop_timing_seq,rf_per_bssid,RogueAP_35.csv,RogueAP_39.csv,best_f1,129,1003,130,0.6367032051104483,0.6547619047619048,0.8461538461538461,0.738255033557047,0.06643757159221077,0.9621376332716538,0.7383762889423632,815,58,20,110
drop_timing_seq,rf_per_bssid,RogueAP_35.csv,RogueAP_39.csv,fpr_le_0.20,129,1003,130,0.6254096333257962,0.6568047337278107,0.8538461538461538,0.7424749163879598,0.06643757159221077,0.9621376332716538,0.7383762889423632,815,58,19,111
drop_timing_seq,xgb_per_bssid,RogueAP_36.csv,RogueAP_39.csv,best_f1,129,1003,67,0.7045958757400526,0.5546218487394958,0.9850746268656716,0.7096774193548387,0.056623931623931624,0.9772531572904707,0.7311888269069065,883,53,1,66
drop_timing_seq,xgb_per_bssid,RogueAP_36.csv,RogueAP_39.csv,fpr_le_0.20,129,1003,67,0.8073648810386658,0.5546218487394958,0.9850746268656716,0.7096774193548387,0.056623931623931624,0.9772531572904707,0.7311888269069065,883,53,1,66
drop_timing_seq,rf_per_bssid,RogueAP_36.csv,RogueAP_39.csv,best_f1,129,1003,67,0.6065977403229565,0.55,0.9850746268656716,0.7058823529411765,0.057692307692307696,0.9756984309223115,0.6698304688671655,882,54,1,66
drop_timing_seq,rf_per_bssid,RogueAP_36.csv,RogueAP_39.csv,fpr_le_0.20,129,1003,67,0.5582352610079107,0.55,0.9850746268656716,0.7058823529411765,0.057692307692307696,0.9756984309223115,0.6698304688671655,882,54,1,66
drop_timing_seq,xgb_per_bssid,RogueAP_37.csv,RogueAP_39.csv,best_f1,129,1001,105,0.7573164463043222,0.580110497237569,1.0,0.7342657342657343,0.08482142857142858,0.9741549744897959,0.7611567797503208,820,76,0,105
drop_timing_seq,xgb_per_bssid,RogueAP_37.csv,RogueAP_39.csv,fpr_le_0.20,129,1001,105,0.8313014507293701,0.5833333333333334,1.0,0.7368421052631579,0.08370535714285714,0.9741549744897959,0.7611567797503208,821,75,0,105
drop_timing_seq,rf_per_bssid,RogueAP_37.csv,RogueAP_39.csv,best_f1,129,1001,105,0.6508718829393826,0.5754189944134078,0.9809523809523809,0.7253521126760564,0.08482142857142858,0.9697916666666666,0.7171447593690327,820,76,2,103
drop_timing_seq,rf_per_bssid,RogueAP_37.csv,RogueAP_39.csv,fpr_le_0.20,129,1001,105,0.6180722920901693,0.5659340659340659,0.9809523809523809,0.7177700348432056,0.08816964285714286,0.9697916666666666,0.7171447593690327,817,79,2,103
drop_timing_seq,xgb_per_bssid,RogueAP_38.csv,RogueAP_39.csv,best_f1,129,1003,114,0.6890863108634963,0.6785714285714286,1.0,0.8085106382978723,0.06074240719910011,0.9854804333668817,0.8906648905397228,835,54,0,114
drop_timing_seq,xgb_per_bssid,RogueAP_38.csv,RogueAP_39.csv,fpr_le_0.20,129,1003,114,0.8056799173355103,0.6785714285714286,1.0,0.8085106382978723,0.06074240719910011,0.9854804333668817,0.8906648905397228,835,54,0,114
drop_timing_seq,rf_per_bssid,RogueAP_38.csv,RogueAP_39.csv,best_f1,129,1003,114,0.6307578102456435,0.6770186335403726,0.956140350877193,0.7927272727272727,0.05849268841394826,0.9681092495017071,0.694969403375235,837,52,5,109
drop_timing_seq,rf_per_bssid,RogueAP_38.csv,RogueAP_39.csv,fpr_le_0.20,129,1003,114,0.5991129490261529,0.6809815950920245,0.9736842105263158,0.8014440433212996,0.05849268841394826,0.9681092495017071,0.694969403375235,837,52,3,111
drop_timing_seq,xgb_per_bssid,RogueAP_39.csv,RogueAP_38.csv,best_f1,129,465,24,0.8977616119384767,0.5609756097560976,0.9583333333333334,0.7076923076923077,0.04081632653061224,0.9740173847316704,0.5574301483256029,423,18,1,23
drop_timing_seq,xgb_per_bssid,RogueAP_39.csv,RogueAP_38.csv,fpr_le_0.20,129,465,24,0.8428341150283813,0.5609756097560976,0.9583333333333334,0.7076923076923077,0.04081632653061224,0.9740173847316704,0.5574301483256029,423,18,1,23
drop_timing_seq,rf_per_bssid,RogueAP_39.csv,RogueAP_38.csv,best_f1,129,465,24,0.6376119828201107,0.5476190476190477,0.9583333333333334,0.696969696969697,0.04308390022675737,0.9748677248677249,0.5772276301016587,422,19,1,23
drop_timing_seq,rf_per_bssid,RogueAP_39.csv,RogueAP_38.csv,fpr_le_0.20,129,465,24,0.3801717595138621,0.5454545454545454,1.0,0.7058823529411765,0.045351473922902494,0.9748677248677249,0.5772276301016587,421,20,0,24
drop_mgmt_phy,xgb_per_bssid,RogueAP_23.csv,RogueAP_39.csv,best_f1,73,1000,1,0.8380286455154428,0.1111111111111111,1.0,0.2,0.008008008008008008,1.0,1.0,991,8,0,1
drop_mgmt_phy,xgb_per_bssid,RogueAP_23.csv,RogueAP_39.csv,fpr_le_0.20,73,1000,1,0.638132631778717,0.034482758620689655,1.0,0.06666666666666667,0.028028028028028028,1.0,1.0,971,28,0,1
drop_mgmt_phy,rf_per_bssid,RogueAP_23.csv,RogueAP_39.csv,best_f1,73,1000,1,0.6307720603154545,0.0,0.0,0.0,0.014014014014014014,0.985985985985986,0.06666666666666667,985,14,1,0
drop_mgmt_phy,rf_per_bssid,RogueAP_23.csv,RogueAP_39.csv,fpr_le_0.20,73,1000,1,0.47393662271202236,0.045454545454545456,1.0,0.08695652173913043,0.021021021021021023,0.985985985985986,0.06666666666666667,978,21,0,1
drop_mgmt_phy,xgb_per_bssid,RogueAP_24.csv,RogueAP_39.csv,best_f1,73,1001,28,0.838600687980652,0.06167400881057269,0.5,0.10980392156862745,0.21891058581706063,0.763874614594039,0.05563077829733258,760,213,14,14
drop_mgmt_phy,xgb_per_bssid,RogueAP_24.csv,RogueAP_39.csv,fpr_le_0.20,73,1001,28,0.652866542339325,0.06845238095238096,0.8214285714285714,0.12637362637362637,0.32168550873586843,0.763874614594039,0.05563077829733258,660,313,5,23
drop_mgmt_phy,rf_per_bssid,RogueAP_24.csv,RogueAP_39.csv,best_f1,73,1001,28,0.6791300352127843,0.05150214592274678,0.42857142857142855,0.09195402298850575,0.22713257965056527,0.7531933636764058,0.05292390768393897,752,221,16,12
drop_mgmt_phy,rf_per_bssid,RogueAP_24.csv,RogueAP_39.csv,fpr_le_0.20,73,1001,28,0.4489041957868557,0.0688622754491018,0.8214285714285714,0.1270718232044199,0.31963001027749227,0.7531933636764058,0.05292390768393897,662,311,5,23
drop_mgmt_phy,xgb_per_bssid,RogueAP_25.csv,RogueAP_39.csv,best_f1,73,1001,83,0.8403420090675358,0.38620689655172413,0.6746987951807228,0.49122807017543857,0.09694989106753812,0.895582329317269,0.49142031377256895,829,89,27,56
drop_mgmt_phy,xgb_per_bssid,RogueAP_25.csv,RogueAP_39.csv,fpr_le_0.20,73,1001,83,0.6318443417549133,0.20923913043478262,0.927710843373494,0.34146341463414637,0.31699346405228757,0.895582329317269,0.49142031377256895,627,291,6,77
drop_mgmt_phy,rf_per_bssid,RogueAP_25.csv,RogueAP_39.csv,best_f1,73,1001,83,0.6983468270195512,0.38181818181818183,0.5060240963855421,0.43523316062176165,0.07407407407407407,0.8626007297162506,0.4408662318483121,850,68,41,42
drop_mgmt_phy,rf_per_bssid,RogueAP_25.csv,RogueAP_39.csv,fpr_le_0.20,73,1001,83,0.4222785676502879,0.18882978723404256,0.8554216867469879,0.3093681917211329,0.332244008714597,0.8626007297162506,0.4408662318483121,613,305,12,71
drop_mgmt_phy,xgb_per_bssid,RogueAP_26.csv,RogueAP_39.csv,best_f1,73,1000,79,0.840235812664032,0.37593984962406013,0.6329113924050633,0.4716981132075472,0.09011943539630836,0.9163539905716132,0.4706443614833246,838,83,29,50
drop_mgmt_phy,xgb_per_bssid,RogueAP_26.csv,RogueAP_39.csv,fpr_le_0.20,73,1000,79,0.6523103713989258,0.23283582089552238,0.9873417721518988,0.37681159420289856,0.27904451682953313,0.9163539905716132,0.4706443614833246,664,257,1,78
drop_mgmt_phy,rf_per_bssid,RogueAP_26.csv,RogueAP_39.csv,best_f1,73,1000,79,0.6333390202276988,0.3155080213903743,0.7468354430379747,0.44360902255639095,0.13897937024972856,0.8905839827375307,0.3933771183982759,793,128,20,59
drop_mgmt_phy,rf_per_bssid,RogueAP_26.csv,RogueAP_39.csv,fpr_le_0.20,73,1000,79,0.44917983577656484,0.21264367816091953,0.9367088607594937,0.34660421545667447,0.2975027144408252,0.8905839827375307,0.3933771183982759,647,274,5,74
drop_mgmt_phy,xgb_per_bssid,RogueAP_27.csv,RogueAP_39.csv,best_f1,73,997,70,0.8362654161453248,0.4528301886792453,0.6857142857142857,0.5454545454545454,0.06256742179072276,0.947680690399137,0.5943543343750143,869,58,22,48
drop_mgmt_phy,xgb_per_bssid,RogueAP_27.csv,RogueAP_39.csv,fpr_le_0.20,73,997,70,0.6611732840538025,0.3370165745856354,0.8714285714285714,0.4860557768924303,0.12944983818770225,0.947680690399137,0.5943543343750143,807,120,9,61
drop_mgmt_phy,rf_per_bssid,RogueAP_27.csv,RogueAP_39.csv,best_f1,73,997,70,0.6062723783935311,0.3706896551724138,0.6142857142857143,0.46236559139784944,0.07874865156418555,0.9184466019417475,0.4045641091706763,854,73,27,43
drop_mgmt_phy,rf_per_bssid,RogueAP_27.csv,RogueAP_39.csv,fpr_le_0.20,73,997,70,0.42673355761826837,0.32515337423312884,0.7571428571428571,0.45493562231759654,0.1186623516720604,0.9184466019417475,0.4045641091706763,817,110,17,53
drop_mgmt_phy,xgb_per_bssid,RogueAP_28.csv,RogueAP_39.csv,best_f1,73,1001,83,0.8403312087059022,0.5480769230769231,0.6867469879518072,0.6096256684491979,0.05119825708061002,0.9497073260361708,0.5975027015852923,871,47,26,57
drop_mgmt_phy,xgb_per_bssid,RogueAP_28.csv,RogueAP_39.csv,fpr_le_0.20,73,1001,83,0.639806866645813,0.3891891891891892,0.8674698795180723,0.5373134328358209,0.12309368191721133,0.9497073260361708,0.5975027015852923,805,113,11,72
drop_mgmt_phy,rf_per_bssid,RogueAP_28.csv,RogueAP_39.csv,best_f1,73,1001,83,0.6710921494862186,0.4891304347826087,0.5421686746987951,0.5142857142857142,0.05119825708061002,0.9321731369924141,0.5394302571648163,871,47,38,45
drop_mgmt_phy,rf_per_bssid,RogueAP_28.csv,RogueAP_39.csv,fpr_le_0.20,73,1001,83,0.4317058052942986,0.4105960264900662,0.7469879518072289,0.5299145299145299,0.09694989106753812,0.9321731369924141,0.5394302571648163,829,89,21,62
drop_mgmt_phy,xgb_per_bssid,RogueAP_29.csv,RogueAP_39.csv,best_f1,73,1001,164,0.8162811040878297,0.42388059701492536,0.8658536585365854,0.5691382765531062,0.23058542413381122,0.9041437188565434,0.676558373366705,644,193,22,142
drop_mgmt_phy,xgb_per_bssid,RogueAP_29.csv,RogueAP_39.csv,fpr_le_0.20,73,1001,164,0.6456246972084045,0.36556603773584906,0.9451219512195121,0.5272108843537415,0.3213859020310633,0.9041437188565434,0.676558373366705,568,269,9,155
drop_mgmt_phy,rf_per_bssid,RogueAP_29.csv,RogueAP_39.csv,best_f1,73,1001,164,0.6973802795114864,0.42,0.7682926829268293,0.5431034482758621,0.2078853046594982,0.8735539237112802,0.5394386793828829,663,174,38,126
drop_mgmt_phy,rf_per_bssid,RogueAP_29.csv,RogueAP_39.csv,fpr_le_0.20,73,1001,164,0.4327298756657385,0.375,0.9146341463414634,0.5319148936170213,0.2986857825567503,0.8735539237112802,0.5394386793828829,587,250,14,150
drop_mgmt_phy,xgb_per_bssid,RogueAP_30.csv,RogueAP_39.csv,best_f1,73,1002,57,0.8196537256240845,0.3888888888888889,0.49122807017543857,0.43410852713178294,0.04656084656084656,0.9137287663603453,0.4314471825561439,901,44,29,28
drop_mgmt_phy,xgb_per_bssid,RogueAP_30.csv,RogueAP_39.csv,fpr_le_0.20,73,1002,57,0.6164450645446777,0.20833333333333334,0.8771929824561403,0.3367003367003367,0.20105820105820105,0.9137287663603453,0.4314471825561439,755,190,7,50
drop_mgmt_phy,rf_per_bssid,RogueAP_30.csv,RogueAP_39.csv,best_f1,73,1002,57,0.6934651164215522,0.3116883116883117,0.42105263157894735,0.3582089552238806,0.056084656084656084,0.8868281815650236,0.3199336099434467,892,53,33,24
drop_mgmt_phy,rf_per_bssid,RogueAP_30.csv,RogueAP_39.csv,fpr_le_0.20,73,1002,57,0.42385649241830436,0.1951219512195122,0.8421052631578947,0.31683168316831684,0.20952380952380953,0.8868281815650236,0.3199336099434467,747,198,9,48
drop_mgmt_phy,xgb_per_bssid,RogueAP_31.csv,RogueAP_39.csv,best_f1,73,1001,61,0.7761896705627441,0.37681159420289856,0.4262295081967213,0.4,0.045744680851063826,0.911946285315661,0.4405577221704338,897,43,35,26
drop_mgmt_phy,xgb_per_bssid,RogueAP_31.csv,RogueAP_39.csv,fpr_le_0.20,73,1001,61,0.6129891276359558,0.2681564245810056,0.7868852459016393,0.4,0.13936170212765958,0.911946285315661,0.4405577221704338,809,131,13,48
drop_mgmt_phy,rf_per_bssid,RogueAP_31.csv,RogueAP_39.csv,best_f1,73,1001,61,0.698473374753882,0.38596491228070173,0.36065573770491804,0.3728813559322034,0.03723404255319149,0.904394837809557,0.36054901276356804,905,35,39,22
drop_mgmt_phy,rf_per_bssid,RogueAP_31.csv,RogueAP_39.csv,fpr_le_0.20,73,1001,61,0.43084743649406,0.2848101265822785,0.7377049180327869,0.410958904109589,0.1202127659574468,0.904394837809557,0.36054901276356804,827,113,16,45
drop_mgmt_phy,xgb_per_bssid,RogueAP_32.csv,RogueAP_39.csv,best_f1,73,1003,64,0.8261884856224068,0.3548387096774194,0.34375,0.3492063492063492,0.042598509052183174,0.8857577875399361,0.36420380810383896,899,40,42,22
drop_mgmt_phy,xgb_per_bssid,RogueAP_32.csv,RogueAP_39.csv,fpr_le_0.20,73,1003,64,0.617729663848877,0.2125,0.796875,0.3355263157894737,0.2012779552715655,0.8857577875399361,0.36420380810383896,750,189,13,51
drop_mgmt_phy,rf_per_bssid,RogueAP_32.csv,RogueAP_39.csv,best_f1,73,1003,64,0.6728211658291608,0.3275862068965517,0.296875,0.3114754098360656,0.04153354632587859,0.8699414270500533,0.34705007908354935,900,39,45,19
drop_mgmt_phy,rf_per_bssid,RogueAP_32.csv,RogueAP_39.csv,fpr_le_0.20,73,1003,64,0.43100793961935563,0.1934156378600823,0.734375,0.30618892508143325,0.20873269435569755,0.8699414270500533,0.34705007908354935,743,196,17,47
drop_mgmt_phy,xgb_per_bssid,RogueAP_33.csv,RogueAP_39.csv,best_f1,73,1002,67,0.8340575766563416,0.49514563106796117,0.7611940298507462,0.6,0.05561497326203209,0.959470029531487,0.6262193449467389,883,52,16,51
drop_mgmt_phy,xgb_per_bssid,RogueAP_33.csv,RogueAP_39.csv,fpr_le_0.20,73,1002,67,0.6345374584197998,0.3563218390804598,0.9253731343283582,0.5145228215767634,0.11978609625668449,0.959470029531487,0.6262193449467389,823,112,5,62
drop_mgmt_phy,rf_per_bssid,RogueAP_33.csv,RogueAP_39.csv,best_f1,73,1002,67,0.6878501131866881,0.45555555555555555,0.6119402985074627,0.5222929936305732,0.052406417112299465,0.9411285816904781,0.47884120412010506,886,49,26,41
drop_mgmt_phy,rf_per_bssid,RogueAP_33.csv,RogueAP_39.csv,fpr_le_0.20,73,1002,67,0.4324177709708776,0.32967032967032966,0.8955223880597015,0.4819277108433735,0.1304812834224599,0.9411285816904781,0.47884120412010506,813,122,7,60
drop_mgmt_phy,xgb_per_bssid,RogueAP_34.csv,RogueAP_39.csv,best_f1,73,1003,91,0.8205594182014466,0.5032258064516129,0.8571428571428571,0.6341463414634146,0.08442982456140351,0.9554535376903799,0.6115768479882131,835,77,13,78
drop_mgmt_phy,xgb_per_bssid,RogueAP_34.csv,RogueAP_39.csv,fpr_le_0.20,73,1003,91,0.6392020583152771,0.3893805309734513,0.967032967032967,0.555205047318612,0.1513157894736842,0.9554535376903799,0.6115768479882131,774,138,3,88
drop_mgmt_phy,rf_per_bssid,RogueAP_34.csv,RogueAP_39.csv,best_f1,73,1003,91,0.5990211083378264,0.4388888888888889,0.8681318681318682,0.5830258302583026,0.11074561403508772,0.9386446886446886,0.5083337593838134,811,101,12,79
drop_mgmt_phy,rf_per_bssid,RogueAP_34.csv,RogueAP_39.csv,fpr_le_0.20,73,1003,91,0.41912776735907337,0.3670886075949367,0.9560439560439561,0.5304878048780488,0.16447368421052633,0.9386446886446886,0.5083337593838134,762,150,4,87
drop_mgmt_phy,xgb_per_bssid,RogueAP_35.csv,RogueAP_39.csv,best_f1,73,1003,130,0.8472579145431521,0.4322033898305085,0.7846153846153846,0.5573770491803278,0.15349369988545247,0.8934179222839016,0.5495283032155819,739,134,28,102
drop_mgmt_phy,xgb_per_bssid,RogueAP_35.csv,RogueAP_39.csv,fpr_le_0.20,73,1003,130,0.6633315086364746,0.3562874251497006,0.9153846153846154,0.5129310344827587,0.24627720504009165,0.8934179222839016,0.5495283032155819,658,215,11,119
drop_mgmt_phy,rf_per_bssid,RogueAP_35.csv,RogueAP_39.csv,best_f1,73,1003,130,0.6890964226826524,0.3786008230452675,0.7076923076923077,0.4932975871313673,0.1729667812142039,0.8674508767292273,0.4488573325309522,722,151,38,92
drop_mgmt_phy,rf_per_bssid,RogueAP_35.csv,RogueAP_39.csv,fpr_le_0.20,73,1003,130,0.47771305659421,0.3383233532934132,0.8692307692307693,0.4870689655172414,0.2531500572737686,0.8674508767292273,0.4488573325309522,652,221,17,113
drop_mgmt_phy,xgb_per_bssid,RogueAP_36.csv,RogueAP_39.csv,best_f1,73,1003,67,0.8229878783226013,0.41414141414141414,0.6119402985074627,0.4939759036144578,0.06196581196581197,0.9383052685291491,0.4322849810966004,878,58,26,41
drop_mgmt_phy,xgb_per_bssid,RogueAP_36.csv,RogueAP_39.csv,fpr_le_0.20,73,1003,67,0.6672738790512085,0.3485714285714286,0.9104477611940298,0.5041322314049587,0.12179487179487179,0.9383052685291491,0.4322849810966004,822,114,6,61
drop_mgmt_phy,rf_per_bssid,RogueAP_36.csv,RogueAP_39.csv,best_f1,73,1003,67,0.7079599024797512,0.3902439024390244,0.47761194029850745,0.42953020134228187,0.053418803418803416,0.926377726750861,0.39865967726594365,886,50,35,32
drop_mgmt_phy,rf_per_bssid,RogueAP_36.csv,RogueAP_39.csv,fpr_le_0.20,73,1003,67,0.45043492697733206,0.31746031746031744,0.8955223880597015,0.46875,0.13782051282051283,0.926377726750861,0.39865967726594365,807,129,7,60
drop_mgmt_phy,xgb_per_bssid,RogueAP_37.csv,RogueAP_39.csv,best_f1,73,1001,105,0.8476730060577392,0.449438202247191,0.7619047619047619,0.5653710247349824,0.109375,0.922640306122449,0.48852732590633263,798,98,25,80
drop_mgmt_phy,xgb_per_bssid,RogueAP_37.csv,RogueAP_39.csv,fpr_le_0.20,73,1001,105,0.6551165580749512,0.33015873015873015,0.9904761904761905,0.49523809523809526,0.23549107142857142,0.922640306122449,0.48852732590633263,685,211,1,104
drop_mgmt_phy,rf_per_bssid,RogueAP_37.csv,RogueAP_39.csv,best_f1,73,1001,105,0.7271558446342669,0.441340782122905,0.7523809523809524,0.5563380281690141,0.11160714285714286,0.9221407312925171,0.48128142459592693,796,100,26,79
drop_mgmt_phy,rf_per_bssid,RogueAP_37.csv,RogueAP_39.csv,fpr_le_0.20,73,1001,105,0.46232836348915696,0.3079268292682927,0.9619047619047619,0.4665127020785219,0.2533482142857143,0.9221407312925171,0.48128142459592693,669,227,4,101
drop_mgmt_phy,xgb_per_bssid,RogueAP_38.csv,RogueAP_39.csv,best_f1,73,1003,114,0.8221696734428406,0.5944444444444444,0.9385964912280702,0.7278911564625851,0.08211473565804274,0.9578671087166737,0.681333189392949,816,73,7,107
drop_mgmt_phy,xgb_per_bssid,RogueAP_38.csv,RogueAP_39.csv,fpr_le_0.20,73,1003,114,0.6704310774803162,0.49107142857142855,0.9649122807017544,0.650887573964497,0.12823397075365578,0.9578671087166737,0.681333189392949,775,114,4,110
drop_mgmt_phy,rf_per_bssid,RogueAP_38.csv,RogueAP_39.csv,best_f1,73,1003,114,0.660601798649049,0.5575757575757576,0.8070175438596491,0.6594982078853047,0.08211473565804274,0.9398298896848419,0.5588844995738566,816,73,22,92
drop_mgmt_phy,rf_per_bssid,RogueAP_38.csv,RogueAP_39.csv,fpr_le_0.20,73,1003,114,0.44814775929790807,0.463519313304721,0.9473684210526315,0.622478386167147,0.140607424071991,0.9398298896848419,0.5588844995738566,764,125,6,108
drop_mgmt_phy,xgb_per_bssid,RogueAP_39.csv,RogueAP_38.csv,best_f1,73,465,24,0.8193558716773989,0.4827586206896552,0.5833333333333334,0.5283018867924528,0.034013605442176874,0.895408163265306,0.48871328384736357,426,15,10,14
drop_mgmt_phy,xgb_per_bssid,RogueAP_39.csv,RogueAP_38.csv,fpr_le_0.20,73,465,24,0.6677500009536743,0.1935483870967742,0.75,0.3076923076923077,0.17006802721088435,0.895408163265306,0.48871328384736357,366,75,6,18
drop_mgmt_phy,rf_per_bssid,RogueAP_39.csv,RogueAP_38.csv,best_f1,73,465,24,0.6203529169964576,0.4090909090909091,0.375,0.391304347826087,0.02947845804988662,0.8669690098261527,0.44732304597962164,428,13,15,9
drop_mgmt_phy,rf_per_bssid,RogueAP_39.csv,RogueAP_38.csv,fpr_le_0.20,73,465,24,0.3791534484111465,0.1347517730496454,0.7916666666666666,0.23030303030303031,0.2766439909297052,0.8669690098261527,0.44732304597962164,319,122,5,19
drop_mgmt_phy_timing_seq,xgb_per_bssid,RogueAP_23.csv,RogueAP_39.csv,best_f1,62,1000,1,0.8689187955856322,0.14285714285714285,1.0,0.25,0.006006006006006006,1.0,1.0,993,6,0,1
drop_mgmt_phy_timing_seq,xgb_per_bssid,RogueAP_23.csv,RogueAP_39.csv,fpr_le_0.20,62,1000,1,0.802267849445343,0.05555555555555555,1.0,0.10526315789473684,0.01701701701701702,1.0,1.0,982,17,0,1
drop_mgmt_phy_timing_seq,rf_per_bssid,RogueAP_23.csv,RogueAP_39.csv,best_f1,62,1000,1,0.7225257482251324,0.1,1.0,0.18181818181818182,0.009009009009009009,1.0,1.0,990,9,0,1
drop_mgmt_phy_timing_seq,rf_per_bssid,RogueAP_23.csv,RogueAP_39.csv,fpr_le_0.20,62,1000,1,0.6438495686944268,0.0625,1.0,0.11764705882352941,0.015015015015015015,1.0,1.0,984,15,0,1
drop_mgmt_phy_timing_seq,xgb_per_bssid,RogueAP_24.csv,RogueAP_39.csv,best_f1,62,1001,28,0.8867828893661499,0.020833333333333332,0.07142857142857142,0.03225806451612903,0.09660842754367935,0.7827044486859491,0.059931897707121894,879,94,26,2
drop_mgmt_phy_timing_seq,xgb_per_bssid,RogueAP_24.csv,RogueAP_39.csv,fpr_le_0.20,62,1001,28,0.7981284856796265,0.0703125,0.6428571428571429,0.1267605633802817,0.2446043165467626,0.7827044486859491,0.059931897707121894,735,238,10,18
drop_mgmt_phy_timing_seq,rf_per_bssid,RogueAP_24.csv,RogueAP_39.csv,best_f1,62,1001,28,0.7799612356394682,0.04878048780487805,0.21428571428571427,0.07947019867549669,0.12024665981500514,0.7722434297459991,0.0568459878925527,856,117,22,6
drop_mgmt_phy_timing_seq,rf_per_bssid,RogueAP_24.csv,RogueAP_39.csv,fpr_le_0.20,62,1001,28,0.6125785396562007,0.060240963855421686,0.5357142857142857,0.10830324909747292,0.24049331963001028,0.7722434297459991,0.0568459878925527,739,234,13,15
drop_mgmt_phy_timing_seq,xgb_per_bssid,RogueAP_25.csv,RogueAP_39.csv,best_f1,62,1001,83,0.8560210156440735,0.3829787234042553,0.43373493975903615,0.4067796610169492,0.06318082788671024,0.8487938682835918,0.3941820557094213,860,58,47,36
drop_mgmt_phy_timing_seq,xgb_per_bssid,RogueAP_25.csv,RogueAP_39.csv,fpr_le_0.20,62,1001,83,0.7959926128387451,0.2297872340425532,0.6506024096385542,0.33962264150943394,0.19716775599128541,0.8487938682835918,0.3941820557094213,737,181,29,54
drop_mgmt_phy_timing_seq,rf_per_bssid,RogueAP_25.csv,RogueAP_39.csv,best_f1,62,1001,83,0.7844318234552299,0.32608695652173914,0.3614457831325301,0.34285714285714286,0.06753812636165578,0.8285691786754863,0.4054956583169303,856,62,53,30
drop_mgmt_phy_timing_seq,rf_per_bssid,RogueAP_25.csv,RogueAP_39.csv,fpr_le_0.20,62,1001,83,0.6332832866474767,0.19838056680161945,0.5903614457831325,0.296969696969697,0.21568627450980393,0.8285691786754863,0.4054956583169303,720,198,34,49
drop_mgmt_phy_timing_seq,xgb_per_bssid,RogueAP_26.csv,RogueAP_39.csv,best_f1,62,1000,79,0.8868392515182495,0.5,0.4050632911392405,0.44755244755244755,0.03474484256243214,0.8717134650008933,0.43048634532334146,889,32,47,32
drop_mgmt_phy_timing_seq,xgb_per_bssid,RogueAP_26.csv,RogueAP_39.csv,fpr_le_0.20,62,1000,79,0.8104878067970276,0.20521172638436483,0.7974683544303798,0.32642487046632124,0.26492942453854507,0.8717134650008933,0.43048634532334146,677,244,16,63
drop_mgmt_phy_timing_seq,rf_per_bssid,RogueAP_26.csv,RogueAP_39.csv,best_f1,62,1000,79,0.7618429200652488,0.2535885167464115,0.6708860759493671,0.3680555555555556,0.16938110749185667,0.8536263555024121,0.3335613356118341,765,156,26,53
drop_mgmt_phy_timing_seq,rf_per_bssid,RogueAP_26.csv,RogueAP_39.csv,fpr_le_0.20,62,1000,79,0.6559935229016264,0.1717948717948718,0.8481012658227848,0.2857142857142857,0.3507057546145494,0.8536263555024121,0.3335613356118341,598,323,12,67
drop_mgmt_phy_timing_seq,xgb_per_bssid,RogueAP_27.csv,RogueAP_39.csv,best_f1,62,997,70,0.8823930811882018,0.5471698113207547,0.4142857142857143,0.4715447154471545,0.025889967637540454,0.930867622129758,0.5381366737797028,903,24,41,29
drop_mgmt_phy_timing_seq,xgb_per_bssid,RogueAP_27.csv,RogueAP_39.csv,fpr_le_0.20,62,997,70,0.8141170740127563,0.3192771084337349,0.7571428571428571,0.4491525423728814,0.12189859762675297,0.930867622129758,0.5381366737797028,814,113,17,53
drop_mgmt_phy_timing_seq,rf_per_bssid,RogueAP_27.csv,RogueAP_39.csv,best_f1,62,997,70,0.7452650549649793,0.3017241379310345,0.5,0.3763440860215054,0.08737864077669903,0.899506857759285,0.36119710612294387,846,81,35,35
drop_mgmt_phy_timing_seq,rf_per_bssid,RogueAP_27.csv,RogueAP_39.csv,fpr_le_0.20,62,997,70,0.629746559132918,0.27380952380952384,0.6571428571428571,0.3865546218487395,0.13160733549083065,0.899506857759285,0.36119710612294387,805,122,24,46
drop_mgmt_phy_timing_seq,xgb_per_bssid,RogueAP_28.csv,RogueAP_39.csv,best_f1,62,1001,83,0.8716337656974793,0.5079365079365079,0.3855421686746988,0.4383561643835616,0.03376906318082789,0.9180250413418379,0.46172733695354845,887,31,51,32
drop_mgmt_phy_timing_seq,xgb_per_bssid,RogueAP_28.csv,RogueAP_39.csv,fpr_le_0.20,62,1001,83,0.8069846630096436,0.37777777777777777,0.6144578313253012,0.46788990825688076,0.0915032679738562,0.9180250413418379,0.46172733695354845,834,84,32,51
drop_mgmt_phy_timing_seq,rf_per_bssid,RogueAP_28.csv,RogueAP_39.csv,best_f1,62,1001,83,0.764869649092629,0.47297297297297297,0.42168674698795183,0.445859872611465,0.042483660130718956,0.908706722314093,0.4972902663700874,879,39,48,35
drop_mgmt_phy_timing_seq,rf_per_bssid,RogueAP_28.csv,RogueAP_39.csv,fpr_le_0.20,62,1001,83,0.6279721281775047,0.36619718309859156,0.6265060240963856,0.4622222222222222,0.09803921568627451,0.908706722314093,0.4972902663700874,828,90,31,52
drop_mgmt_phy_timing_seq,xgb_per_bssid,RogueAP_29.csv,RogueAP_39.csv,best_f1,62,1001,164,0.8714579153060914,0.5266666666666666,0.4817073170731707,0.5031847133757962,0.08482676224611709,0.8606157298132121,0.5844580018296011,766,71,85,79
drop_mgmt_phy_timing_seq,xgb_per_bssid,RogueAP_29.csv,RogueAP_39.csv,fpr_le_0.20,62,1001,164,0.8069856762886047,0.36694677871148457,0.7987804878048781,0.5028790786948176,0.27001194743130225,0.8606157298132121,0.5844580018296011,611,226,33,131
drop_mgmt_phy_timing_seq,rf_per_bssid,RogueAP_29.csv,RogueAP_39.csv,best_f1,62,1001,164,0.7792058387601356,0.423963133640553,0.5609756097560976,0.48293963254593175,0.14934289127837516,0.8445012675933211,0.5152371970623842,712,125,72,92
drop_mgmt_phy_timing_seq,rf_per_bssid,RogueAP_29.csv,RogueAP_39.csv,fpr_le_0.20,62,1001,164,0.6469692674070324,0.3438320209973753,0.7987804878048781,0.48073394495412847,0.2986857825567503,0.8445012675933211,0.5152371970623842,587,250,33,131
drop_mgmt_phy_timing_seq,xgb_per_bssid,RogueAP_30.csv,RogueAP_39.csv,best_f1,62,1002,57,0.8727223491668704,0.21428571428571427,0.21052631578947367,0.21238938053097345,0.04656084656084656,0.8432934187320152,0.2288338120055278,901,44,45,12
drop_mgmt_phy_timing_seq,xgb_per_bssid,RogueAP_30.csv,RogueAP_39.csv,fpr_le_0.20,62,1002,57,0.8013074994087219,0.16489361702127658,0.543859649122807,0.2530612244897959,0.16613756613756614,0.8432934187320152,0.2288338120055278,788,157,26,31
drop_mgmt_phy_timing_seq,rf_per_bssid,RogueAP_30.csv,RogueAP_39.csv,best_f1,62,1002,57,0.7725613800408886,0.21212121212121213,0.24561403508771928,0.22764227642276422,0.05502645502645503,0.8364243943191312,0.20414557112460083,893,52,43,14
drop_mgmt_phy_timing_seq,rf_per_bssid,RogueAP_30.csv,RogueAP_39.csv,fpr_le_0.20,62,1002,57,0.626793277753501,0.15163934426229508,0.6491228070175439,0.24584717607973422,0.21904761904761905,0.8364243943191312,0.20414557112460083,738,207,20,37
drop_mgmt_phy_timing_seq,xgb_per_bssid,RogueAP_31.csv,RogueAP_39.csv,best_f1,62,1001,61,0.8818014454841613,0.30612244897959184,0.2459016393442623,0.2727272727272727,0.036170212765957444,0.809504708754796,0.3090532282333726,906,34,46,15
drop_mgmt_phy_timing_seq,xgb_per_bssid,RogueAP_31.csv,RogueAP_39.csv,fpr_le_0.20,62,1001,61,0.805508553981781,0.13688212927756654,0.5901639344262295,0.2222222222222222,0.24148936170212765,0.809504708754796,0.3090532282333726,713,227,25,36
drop_mgmt_phy_timing_seq,rf_per_bssid,RogueAP_31.csv,RogueAP_39.csv,best_f1,62,1001,61,0.7656699227629373,0.19631901840490798,0.5245901639344263,0.2857142857142857,0.13936170212765958,0.8129577956051622,0.1977506794795613,809,131,29,32
drop_mgmt_phy_timing_seq,rf_per_bssid,RogueAP_31.csv,RogueAP_39.csv,fpr_le_0.20,62,1001,61,0.6191840751793226,0.13709677419354838,0.8360655737704918,0.23556581986143188,0.3414893617021277,0.8129577956051622,0.1977506794795613,619,321,10,51
drop_mgmt_phy_timing_seq,xgb_per_bssid,RogueAP_32.csv,RogueAP_39.csv,best_f1,62,1003,64,0.8816305184364319,0.17647058823529413,0.09375,0.12244897959183673,0.029818956336528223,0.8048289403620874,0.21138519025507474,911,28,58,6
drop_mgmt_phy_timing_seq,xgb_per_bssid,RogueAP_32.csv,RogueAP_39.csv,fpr_le_0.20,62,1003,64,0.797657310962677,0.1657754010695187,0.484375,0.24701195219123506,0.16613418530351437,0.8048289403620874,0.21138519025507474,783,156,33,31
drop_mgmt_phy_timing_seq,rf_per_bssid,RogueAP_32.csv,RogueAP_39.csv,best_f1,62,1003,64,0.7357119420809783,0.14782608695652175,0.265625,0.18994413407821228,0.10436634717784878,0.7860756123535676,0.16376591788827283,841,98,47,17
drop_mgmt_phy_timing_seq,rf_per_bssid,RogueAP_32.csv,RogueAP_39.csv,fpr_le_0.20,62,1003,64,0.6231407047831363,0.1276595744680851,0.46875,0.20066889632107024,0.21831735889243875,0.7860756123535676,0.16376591788827283,734,205,34,30
drop_mgmt_phy_timing_seq,xgb_per_bssid,RogueAP_33.csv,RogueAP_39.csv,best_f1,62,1002,67,0.8680423831939699,0.5660377358490566,0.44776119402985076,0.5,0.02459893048128342,0.9300023944448879,0.5484237041203877,912,23,37,30
drop_mgmt_phy_timing_seq,xgb_per_bssid,RogueAP_33.csv,RogueAP_39.csv,fpr_le_0.20,62,1002,67,0.8074204325675964,0.3669064748201439,0.7611940298507462,0.49514563106796117,0.09411764705882353,0.9300023944448879,0.5484237041203877,847,88,16,51
drop_mgmt_phy_timing_seq,rf_per_bssid,RogueAP_33.csv,RogueAP_39.csv,best_f1,62,1002,67,0.7600863108417109,0.4318181818181818,0.5671641791044776,0.49032258064516127,0.053475935828877004,0.9176310958576103,0.4752650887380048,885,50,29,38
drop_mgmt_phy_timing_seq,rf_per_bssid,RogueAP_33.csv,RogueAP_39.csv,fpr_le_0.20,62,1002,67,0.6484120331787242,0.2982456140350877,0.7611940298507462,0.42857142857142855,0.12834224598930483,0.9176310958576103,0.4752650887380048,815,120,16,51
drop_mgmt_phy_timing_seq,xgb_per_bssid,RogueAP_34.csv,RogueAP_39.csv,best_f1,62,1003,91,0.8824904441833495,0.5166666666666667,0.34065934065934067,0.4105960264900662,0.03179824561403509,0.9181607865818393,0.508110766869899,883,29,60,31
drop_mgmt_phy_timing_seq,xgb_per_bssid,RogueAP_34.csv,RogueAP_39.csv,fpr_le_0.20,62,1003,91,0.7975536584854126,0.37254901960784315,0.8351648351648352,0.5152542372881356,0.14035087719298245,0.9181607865818393,0.508110766869899,784,128,15,76
drop_mgmt_phy_timing_seq,rf_per_bssid,RogueAP_34.csv,RogueAP_39.csv,best_f1,62,1003,91,0.7518245206705091,0.37410071942446044,0.5714285714285714,0.45217391304347826,0.09539473684210527,0.9027496626180838,0.4575220052513958,825,87,39,52
drop_mgmt_phy_timing_seq,rf_per_bssid,RogueAP_34.csv,RogueAP_39.csv,fpr_le_0.20,62,1003,91,0.6379331357741018,0.32456140350877194,0.8131868131868132,0.46394984326018807,0.16885964912280702,0.9027496626180838,0.4575220052513958,758,154,17,74
drop_mgmt_phy_timing_seq,xgb_per_bssid,RogueAP_35.csv,RogueAP_39.csv,best_f1,62,1003,130,0.8878132152557372,0.6724137931034483,0.3,0.4148936170212766,0.021764032073310423,0.8372896290422065,0.5004533093519766,854,19,91,39
drop_mgmt_phy_timing_seq,xgb_per_bssid,RogueAP_35.csv,RogueAP_39.csv,fpr_le_0.20,62,1003,130,0.8025123476982117,0.3059210526315789,0.7153846153846154,0.42857142857142855,0.24169530355097366,0.8372896290422065,0.5004533093519766,662,211,37,93
drop_mgmt_phy_timing_seq,rf_per_bssid,RogueAP_35.csv,RogueAP_39.csv,best_f1,62,1003,130,0.7795300949645827,0.35365853658536583,0.4461538461538462,0.3945578231292517,0.12142038946162657,0.8158251828354921,0.40753550713166015,767,106,72,58
drop_mgmt_phy_timing_seq,rf_per_bssid,RogueAP_35.csv,RogueAP_39.csv,fpr_le_0.20,62,1003,130,0.6512125445993949,0.2807017543859649,0.7384615384615385,0.4067796610169492,0.281786941580756,0.8158251828354921,0.40753550713166015,627,246,34,96
drop_mgmt_phy_timing_seq,xgb_per_bssid,RogueAP_36.csv,RogueAP_39.csv,best_f1,62,1003,67,0.8773805975914002,0.52,0.19402985074626866,0.2826086956521739,0.01282051282051282,0.8821118765148617,0.3506280073951333,924,12,54,13
drop_mgmt_phy_timing_seq,xgb_per_bssid,RogueAP_36.csv,RogueAP_39.csv,fpr_le_0.20,62,1003,67,0.7923129200935364,0.26618705035971224,0.5522388059701493,0.3592233009708738,0.10897435897435898,0.8821118765148617,0.3506280073951333,834,102,30,37
drop_mgmt_phy_timing_seq,rf_per_bssid,RogueAP_36.csv,RogueAP_39.csv,best_f1,62,1003,67,0.7515351378482176,0.36363636363636365,0.417910447761194,0.3888888888888889,0.05235042735042735,0.8859388952672536,0.3802324231387103,887,49,39,28
drop_mgmt_phy_timing_seq,rf_per_bssid,RogueAP_36.csv,RogueAP_39.csv,fpr_le_0.20,62,1003,67,0.6300315672123691,0.2358490566037736,0.746268656716418,0.35842293906810035,0.17307692307692307,0.8859388952672536,0.3802324231387103,774,162,17,50
drop_mgmt_phy_timing_seq,xgb_per_bssid,RogueAP_37.csv,RogueAP_39.csv,best_f1,62,1001,105,0.8829193067550658,0.5783132530120482,0.45714285714285713,0.5106382978723404,0.0390625,0.9088647959183673,0.5168135765403761,861,35,57,48
drop_mgmt_phy_timing_seq,xgb_per_bssid,RogueAP_37.csv,RogueAP_39.csv,fpr_le_0.20,62,1001,105,0.8178282380104065,0.3605150214592275,0.8,0.4970414201183432,0.16629464285714285,0.9088647959183673,0.5168135765403761,747,149,21,84
drop_mgmt_phy_timing_seq,rf_per_bssid,RogueAP_37.csv,RogueAP_39.csv,best_f1,62,1001,105,0.7530419854502368,0.4198895027624309,0.7238095238095238,0.5314685314685315,0.1171875,0.914296343537415,0.5763019888057573,791,105,29,76
drop_mgmt_phy_timing_seq,rf_per_bssid,RogueAP_37.csv,RogueAP_39.csv,fpr_le_0.20,62,1001,105,0.656308878473311,0.32517482517482516,0.8857142857142857,0.47570332480818417,0.21540178571428573,0.914296343537415,0.5763019888057573,703,193,12,93
drop_mgmt_phy_timing_seq,xgb_per_bssid,RogueAP_38.csv,RogueAP_39.csv,best_f1,62,1003,114,0.8877608942985534,0.6363636363636364,0.18421052631578946,0.2857142857142857,0.013498312710911136,0.8600438103131846,0.4275621433385897,877,12,93,21
drop_mgmt_phy_timing_seq,xgb_per_bssid,RogueAP_38.csv,RogueAP_39.csv,fpr_le_0.20,62,1003,114,0.81366366147995,0.3767123287671233,0.4824561403508772,0.4230769230769231,0.10236220472440945,0.8600438103131846,0.4275621433385897,798,91,59,55
drop_mgmt_phy_timing_seq,rf_per_bssid,RogueAP_38.csv,RogueAP_39.csv,best_f1,62,1003,114,0.7237891396915358,0.3225806451612903,0.3508771929824561,0.33613445378151263,0.09448818897637795,0.8154441221163143,0.30513114750497716,805,84,74,40
drop_mgmt_phy_timing_seq,rf_per_bssid,RogueAP_38.csv,RogueAP_39.csv,fpr_le_0.20,62,1003,114,0.6064581062096557,0.2698412698412698,0.5964912280701754,0.37158469945355194,0.20697412823397077,0.8154441221163143,0.30513114750497716,705,184,46,68
drop_mgmt_phy_timing_seq,xgb_per_bssid,RogueAP_39.csv,RogueAP_38.csv,best_f1,62,465,24,0.8157847881317138,0.22784810126582278,0.75,0.34951456310679613,0.1383219954648526,0.8954081632653061,0.4592444284562667,380,61,6,18
drop_mgmt_phy_timing_seq,xgb_per_bssid,RogueAP_39.csv,RogueAP_38.csv,fpr_le_0.20,62,465,24,0.7752987146377563,0.1557377049180328,0.7916666666666666,0.2602739726027397,0.23356009070294784,0.8954081632653061,0.4592444284562667,338,103,5,19
drop_mgmt_phy_timing_seq,rf_per_bssid,RogueAP_39.csv,RogueAP_38.csv,best_f1,62,465,24,0.262230503234929,0.0975609756097561,1.0,0.17777777777777778,0.5034013605442177,0.8902116402116401,0.32547145792797105,219,222,0,24
drop_mgmt_phy_timing_seq,rf_per_bssid,RogueAP_39.csv,RogueAP_38.csv,fpr_le_0.20,62,465,24,0.6181437102491404,0.1836734693877551,0.75,0.29508196721311475,0.18140589569160998,0.8902116402116401,0.32547145792797105,361,80,6,18
